--
-- PostgreSQL database dump
--

\restrict mDOsecmfYsAumqKDl9ULlYPq0wNIB72yl5yZmZn69dW7eUewA5YOahkgetvgHXz

-- Dumped from database version 16.11
-- Dumped by pg_dump version 16.11

SET statement_timeout = 0;
SET lock_timeout = 0;
SET idle_in_transaction_session_timeout = 0;
SET client_encoding = 'UTF8';
SET standard_conforming_strings = on;
SELECT pg_catalog.set_config('search_path', '', false);
SET check_function_bodies = false;
SET xmloption = content;
SET client_min_messages = warning;
SET row_security = off;

SET default_tablespace = '';

SET default_table_access_method = heap;

--
-- Name: auth_group; Type: TABLE; Schema: public; Owner: postgres
--

CREATE TABLE public.auth_group (
    id integer NOT NULL,
    name character varying(150) NOT NULL
);


ALTER TABLE public.auth_group OWNER TO postgres;

--
-- Name: auth_group_id_seq; Type: SEQUENCE; Schema: public; Owner: postgres
--

ALTER TABLE public.auth_group ALTER COLUMN id ADD GENERATED BY DEFAULT AS IDENTITY (
    SEQUENCE NAME public.auth_group_id_seq
    START WITH 1
    INCREMENT BY 1
    NO MINVALUE
    NO MAXVALUE
    CACHE 1
);


--
-- Name: auth_group_permissions; Type: TABLE; Schema: public; Owner: postgres
--

CREATE TABLE public.auth_group_permissions (
    id bigint NOT NULL,
    group_id integer NOT NULL,
    permission_id integer NOT NULL
);


ALTER TABLE public.auth_group_permissions OWNER TO postgres;

--
-- Name: auth_group_permissions_id_seq; Type: SEQUENCE; Schema: public; Owner: postgres
--

ALTER TABLE public.auth_group_permissions ALTER COLUMN id ADD GENERATED BY DEFAULT AS IDENTITY (
    SEQUENCE NAME public.auth_group_permissions_id_seq
    START WITH 1
    INCREMENT BY 1
    NO MINVALUE
    NO MAXVALUE
    CACHE 1
);


--
-- Name: auth_permission; Type: TABLE; Schema: public; Owner: postgres
--

CREATE TABLE public.auth_permission (
    id integer NOT NULL,
    name character varying(255) NOT NULL,
    content_type_id integer NOT NULL,
    codename character varying(100) NOT NULL
);


ALTER TABLE public.auth_permission OWNER TO postgres;

--
-- Name: auth_permission_id_seq; Type: SEQUENCE; Schema: public; Owner: postgres
--

ALTER TABLE public.auth_permission ALTER COLUMN id ADD GENERATED BY DEFAULT AS IDENTITY (
    SEQUENCE NAME public.auth_permission_id_seq
    START WITH 1
    INCREMENT BY 1
    NO MINVALUE
    NO MAXVALUE
    CACHE 1
);


--
-- Name: auth_user; Type: TABLE; Schema: public; Owner: postgres
--

CREATE TABLE public.auth_user (
    id integer NOT NULL,
    password character varying(128) NOT NULL,
    last_login timestamp with time zone,
    is_superuser boolean NOT NULL,
    username character varying(150) NOT NULL,
    first_name character varying(150) NOT NULL,
    last_name character varying(150) NOT NULL,
    email character varying(254) NOT NULL,
    is_staff boolean NOT NULL,
    is_active boolean NOT NULL,
    date_joined timestamp with time zone NOT NULL
);


ALTER TABLE public.auth_user OWNER TO postgres;

--
-- Name: auth_user_groups; Type: TABLE; Schema: public; Owner: postgres
--

CREATE TABLE public.auth_user_groups (
    id bigint NOT NULL,
    user_id integer NOT NULL,
    group_id integer NOT NULL
);


ALTER TABLE public.auth_user_groups OWNER TO postgres;

--
-- Name: auth_user_groups_id_seq; Type: SEQUENCE; Schema: public; Owner: postgres
--

ALTER TABLE public.auth_user_groups ALTER COLUMN id ADD GENERATED BY DEFAULT AS IDENTITY (
    SEQUENCE NAME public.auth_user_groups_id_seq
    START WITH 1
    INCREMENT BY 1
    NO MINVALUE
    NO MAXVALUE
    CACHE 1
);


--
-- Name: auth_user_id_seq; Type: SEQUENCE; Schema: public; Owner: postgres
--

ALTER TABLE public.auth_user ALTER COLUMN id ADD GENERATED BY DEFAULT AS IDENTITY (
    SEQUENCE NAME public.auth_user_id_seq
    START WITH 1
    INCREMENT BY 1
    NO MINVALUE
    NO MAXVALUE
    CACHE 1
);


--
-- Name: auth_user_user_permissions; Type: TABLE; Schema: public; Owner: postgres
--

CREATE TABLE public.auth_user_user_permissions (
    id bigint NOT NULL,
    user_id integer NOT NULL,
    permission_id integer NOT NULL
);


ALTER TABLE public.auth_user_user_permissions OWNER TO postgres;

--
-- Name: auth_user_user_permissions_id_seq; Type: SEQUENCE; Schema: public; Owner: postgres
--

ALTER TABLE public.auth_user_user_permissions ALTER COLUMN id ADD GENERATED BY DEFAULT AS IDENTITY (
    SEQUENCE NAME public.auth_user_user_permissions_id_seq
    START WITH 1
    INCREMENT BY 1
    NO MINVALUE
    NO MAXVALUE
    CACHE 1
);


--
-- Name: django_admin_log; Type: TABLE; Schema: public; Owner: postgres
--

CREATE TABLE public.django_admin_log (
    id integer NOT NULL,
    action_time timestamp with time zone NOT NULL,
    object_id text,
    object_repr character varying(200) NOT NULL,
    action_flag smallint NOT NULL,
    change_message text NOT NULL,
    content_type_id integer,
    user_id integer NOT NULL,
    CONSTRAINT django_admin_log_action_flag_check CHECK ((action_flag >= 0))
);


ALTER TABLE public.django_admin_log OWNER TO postgres;

--
-- Name: django_admin_log_id_seq; Type: SEQUENCE; Schema: public; Owner: postgres
--

ALTER TABLE public.django_admin_log ALTER COLUMN id ADD GENERATED BY DEFAULT AS IDENTITY (
    SEQUENCE NAME public.django_admin_log_id_seq
    START WITH 1
    INCREMENT BY 1
    NO MINVALUE
    NO MAXVALUE
    CACHE 1
);


--
-- Name: django_content_type; Type: TABLE; Schema: public; Owner: postgres
--

CREATE TABLE public.django_content_type (
    id integer NOT NULL,
    app_label character varying(100) NOT NULL,
    model character varying(100) NOT NULL
);


ALTER TABLE public.django_content_type OWNER TO postgres;

--
-- Name: django_content_type_id_seq; Type: SEQUENCE; Schema: public; Owner: postgres
--

ALTER TABLE public.django_content_type ALTER COLUMN id ADD GENERATED BY DEFAULT AS IDENTITY (
    SEQUENCE NAME public.django_content_type_id_seq
    START WITH 1
    INCREMENT BY 1
    NO MINVALUE
    NO MAXVALUE
    CACHE 1
);


--
-- Name: django_migrations; Type: TABLE; Schema: public; Owner: postgres
--

CREATE TABLE public.django_migrations (
    id bigint NOT NULL,
    app character varying(255) NOT NULL,
    name character varying(255) NOT NULL,
    applied timestamp with time zone NOT NULL
);


ALTER TABLE public.django_migrations OWNER TO postgres;

--
-- Name: django_migrations_id_seq; Type: SEQUENCE; Schema: public; Owner: postgres
--

ALTER TABLE public.django_migrations ALTER COLUMN id ADD GENERATED BY DEFAULT AS IDENTITY (
    SEQUENCE NAME public.django_migrations_id_seq
    START WITH 1
    INCREMENT BY 1
    NO MINVALUE
    NO MAXVALUE
    CACHE 1
);


--
-- Name: django_session; Type: TABLE; Schema: public; Owner: postgres
--

CREATE TABLE public.django_session (
    session_key character varying(40) NOT NULL,
    session_data text NOT NULL,
    expire_date timestamp with time zone NOT NULL
);


ALTER TABLE public.django_session OWNER TO postgres;

--
-- Name: exams_answer; Type: TABLE; Schema: public; Owner: postgres
--

CREATE TABLE public.exams_answer (
    id bigint NOT NULL,
    text_response text NOT NULL,
    is_correct boolean NOT NULL,
    selected_option_id bigint,
    question_id bigint NOT NULL,
    submission_id bigint NOT NULL
);


ALTER TABLE public.exams_answer OWNER TO postgres;

--
-- Name: exams_answer_id_seq; Type: SEQUENCE; Schema: public; Owner: postgres
--

ALTER TABLE public.exams_answer ALTER COLUMN id ADD GENERATED BY DEFAULT AS IDENTITY (
    SEQUENCE NAME public.exams_answer_id_seq
    START WITH 1
    INCREMENT BY 1
    NO MINVALUE
    NO MAXVALUE
    CACHE 1
);


--
-- Name: exams_assignment; Type: TABLE; Schema: public; Owner: postgres
--

CREATE TABLE public.exams_assignment (
    id bigint NOT NULL,
    student_email character varying(254) NOT NULL,
    created_at timestamp with time zone NOT NULL,
    expires_at timestamp with time zone,
    assigned_by_id integer,
    test_id bigint NOT NULL
);


ALTER TABLE public.exams_assignment OWNER TO postgres;

--
-- Name: exams_assignment_id_seq; Type: SEQUENCE; Schema: public; Owner: postgres
--

ALTER TABLE public.exams_assignment ALTER COLUMN id ADD GENERATED BY DEFAULT AS IDENTITY (
    SEQUENCE NAME public.exams_assignment_id_seq
    START WITH 1
    INCREMENT BY 1
    NO MINVALUE
    NO MAXVALUE
    CACHE 1
);


--
-- Name: exams_exercise; Type: TABLE; Schema: public; Owner: postgres
--

CREATE TABLE public.exams_exercise (
    id bigint NOT NULL,
    title character varying(255) NOT NULL,
    stream character varying(20) NOT NULL,
    level character varying(2) NOT NULL,
    kind character varying(20) NOT NULL,
    prompt text NOT NULL,
    data jsonb NOT NULL,
    tags jsonb NOT NULL,
    estimated_minutes integer NOT NULL,
    assigned_to_email character varying(254),
    created_at timestamp with time zone NOT NULL,
    updated_at timestamp with time zone NOT NULL,
    CONSTRAINT exams_exercise_estimated_minutes_check CHECK ((estimated_minutes >= 0))
);


ALTER TABLE public.exams_exercise OWNER TO postgres;

--
-- Name: exams_exercise_id_seq; Type: SEQUENCE; Schema: public; Owner: postgres
--

ALTER TABLE public.exams_exercise ALTER COLUMN id ADD GENERATED BY DEFAULT AS IDENTITY (
    SEQUENCE NAME public.exams_exercise_id_seq
    START WITH 1
    INCREMENT BY 1
    NO MINVALUE
    NO MAXVALUE
    CACHE 1
);


--
-- Name: exams_expression; Type: TABLE; Schema: public; Owner: postgres
--

CREATE TABLE public.exams_expression (
    id bigint NOT NULL,
    phrase character varying(255) NOT NULL,
    meaning text NOT NULL,
    example text NOT NULL,
    stream character varying(20) NOT NULL,
    tags jsonb NOT NULL,
    created_at timestamp with time zone NOT NULL,
    updated_at timestamp with time zone NOT NULL
);


ALTER TABLE public.exams_expression OWNER TO postgres;

--
-- Name: exams_expression_id_seq; Type: SEQUENCE; Schema: public; Owner: postgres
--

ALTER TABLE public.exams_expression ALTER COLUMN id ADD GENERATED BY DEFAULT AS IDENTITY (
    SEQUENCE NAME public.exams_expression_id_seq
    START WITH 1
    INCREMENT BY 1
    NO MINVALUE
    NO MAXVALUE
    CACHE 1
);


--
-- Name: exams_glossaryterm; Type: TABLE; Schema: public; Owner: postgres
--

CREATE TABLE public.exams_glossaryterm (
    id bigint NOT NULL,
    term character varying(255) NOT NULL,
    translation character varying(255) NOT NULL,
    explanation text NOT NULL,
    stream character varying(20) NOT NULL,
    level character varying(2) NOT NULL,
    tags jsonb NOT NULL,
    created_at timestamp with time zone NOT NULL,
    updated_at timestamp with time zone NOT NULL
);


ALTER TABLE public.exams_glossaryterm OWNER TO postgres;

--
-- Name: exams_glossaryterm_id_seq; Type: SEQUENCE; Schema: public; Owner: postgres
--

ALTER TABLE public.exams_glossaryterm ALTER COLUMN id ADD GENERATED BY DEFAULT AS IDENTITY (
    SEQUENCE NAME public.exams_glossaryterm_id_seq
    START WITH 1
    INCREMENT BY 1
    NO MINVALUE
    NO MAXVALUE
    CACHE 1
);


--
-- Name: exams_homework; Type: TABLE; Schema: public; Owner: postgres
--

CREATE TABLE public.exams_homework (
    id bigint NOT NULL,
    title character varying(255) NOT NULL,
    stream character varying(20) NOT NULL,
    level character varying(2) NOT NULL,
    due_date timestamp with time zone,
    instructions text NOT NULL,
    attachments jsonb NOT NULL,
    status character varying(20) NOT NULL,
    assigned_to_email character varying(254),
    student_submission text NOT NULL,
    feedback text NOT NULL,
    created_at timestamp with time zone NOT NULL,
    updated_at timestamp with time zone NOT NULL,
    teacher_id integer
);


ALTER TABLE public.exams_homework OWNER TO postgres;

--
-- Name: exams_homework_id_seq; Type: SEQUENCE; Schema: public; Owner: postgres
--

ALTER TABLE public.exams_homework ALTER COLUMN id ADD GENERATED BY DEFAULT AS IDENTITY (
    SEQUENCE NAME public.exams_homework_id_seq
    START WITH 1
    INCREMENT BY 1
    NO MINVALUE
    NO MAXVALUE
    CACHE 1
);


--
-- Name: exams_material; Type: TABLE; Schema: public; Owner: postgres
--

CREATE TABLE public.exams_material (
    id bigint NOT NULL,
    title character varying(255) NOT NULL,
    stream character varying(20) NOT NULL,
    level character varying(2) NOT NULL,
    material_type character varying(10) NOT NULL,
    body text NOT NULL,
    url character varying(200) NOT NULL,
    tags jsonb NOT NULL,
    is_published boolean NOT NULL,
    assigned_to_email character varying(254),
    created_at timestamp with time zone NOT NULL,
    updated_at timestamp with time zone NOT NULL
);


ALTER TABLE public.exams_material OWNER TO postgres;

--
-- Name: exams_material_id_seq; Type: SEQUENCE; Schema: public; Owner: postgres
--

ALTER TABLE public.exams_material ALTER COLUMN id ADD GENERATED BY DEFAULT AS IDENTITY (
    SEQUENCE NAME public.exams_material_id_seq
    START WITH 1
    INCREMENT BY 1
    NO MINVALUE
    NO MAXVALUE
    CACHE 1
);


--
-- Name: exams_option; Type: TABLE; Schema: public; Owner: postgres
--

CREATE TABLE public.exams_option (
    id bigint NOT NULL,
    text character varying(255) NOT NULL,
    is_correct boolean NOT NULL,
    "order" integer NOT NULL,
    question_id bigint NOT NULL,
    CONSTRAINT exams_option_order_check CHECK (("order" >= 0))
);


ALTER TABLE public.exams_option OWNER TO postgres;

--
-- Name: exams_option_id_seq; Type: SEQUENCE; Schema: public; Owner: postgres
--

ALTER TABLE public.exams_option ALTER COLUMN id ADD GENERATED BY DEFAULT AS IDENTITY (
    SEQUENCE NAME public.exams_option_id_seq
    START WITH 1
    INCREMENT BY 1
    NO MINVALUE
    NO MAXVALUE
    CACHE 1
);


--
-- Name: exams_question; Type: TABLE; Schema: public; Owner: postgres
--

CREATE TABLE public.exams_question (
    id bigint NOT NULL,
    text text NOT NULL,
    question_type character varying(10) NOT NULL,
    "order" integer NOT NULL,
    explanation text NOT NULL,
    test_id bigint NOT NULL,
    CONSTRAINT exams_question_order_check CHECK (("order" >= 0))
);


ALTER TABLE public.exams_question OWNER TO postgres;

--
-- Name: exams_question_id_seq; Type: SEQUENCE; Schema: public; Owner: postgres
--

ALTER TABLE public.exams_question ALTER COLUMN id ADD GENERATED BY DEFAULT AS IDENTITY (
    SEQUENCE NAME public.exams_question_id_seq
    START WITH 1
    INCREMENT BY 1
    NO MINVALUE
    NO MAXVALUE
    CACHE 1
);


--
-- Name: exams_studentprofile; Type: TABLE; Schema: public; Owner: postgres
--

CREATE TABLE public.exams_studentprofile (
    id bigint NOT NULL,
    email character varying(254) NOT NULL,
    stream character varying(20) NOT NULL,
    level character varying(2) NOT NULL,
    allow_stream_change boolean NOT NULL,
    created_at timestamp with time zone NOT NULL,
    updated_at timestamp with time zone NOT NULL,
    teacher_id integer,
    user_id integer
);


ALTER TABLE public.exams_studentprofile OWNER TO postgres;

--
-- Name: exams_studentprofile_id_seq; Type: SEQUENCE; Schema: public; Owner: postgres
--

ALTER TABLE public.exams_studentprofile ALTER COLUMN id ADD GENERATED BY DEFAULT AS IDENTITY (
    SEQUENCE NAME public.exams_studentprofile_id_seq
    START WITH 1
    INCREMENT BY 1
    NO MINVALUE
    NO MAXVALUE
    CACHE 1
);


--
-- Name: exams_submission; Type: TABLE; Schema: public; Owner: postgres
--

CREATE TABLE public.exams_submission (
    id bigint NOT NULL,
    name character varying(120) NOT NULL,
    email character varying(254) NOT NULL,
    score integer NOT NULL,
    total_questions integer NOT NULL,
    created_at timestamp with time zone NOT NULL,
    locale character varying(5) NOT NULL,
    test_id bigint NOT NULL,
    CONSTRAINT exams_submission_score_check CHECK ((score >= 0)),
    CONSTRAINT exams_submission_total_questions_check CHECK ((total_questions >= 0))
);


ALTER TABLE public.exams_submission OWNER TO postgres;

--
-- Name: exams_submission_id_seq; Type: SEQUENCE; Schema: public; Owner: postgres
--

ALTER TABLE public.exams_submission ALTER COLUMN id ADD GENERATED BY DEFAULT AS IDENTITY (
    SEQUENCE NAME public.exams_submission_id_seq
    START WITH 1
    INCREMENT BY 1
    NO MINVALUE
    NO MAXVALUE
    CACHE 1
);


--
-- Name: exams_test; Type: TABLE; Schema: public; Owner: postgres
--

CREATE TABLE public.exams_test (
    id bigint NOT NULL,
    title character varying(255) NOT NULL,
    slug character varying(255) NOT NULL,
    description text NOT NULL,
    level character varying(2) NOT NULL,
    estimated_minutes integer NOT NULL,
    is_published boolean NOT NULL,
    created_at timestamp with time zone NOT NULL,
    updated_at timestamp with time zone NOT NULL,
    is_restricted boolean NOT NULL,
    stream character varying(20) NOT NULL,
    CONSTRAINT exams_test_estimated_minutes_check CHECK ((estimated_minutes >= 0))
);


ALTER TABLE public.exams_test OWNER TO postgres;

--
-- Name: exams_test_id_seq; Type: SEQUENCE; Schema: public; Owner: postgres
--

ALTER TABLE public.exams_test ALTER COLUMN id ADD GENERATED BY DEFAULT AS IDENTITY (
    SEQUENCE NAME public.exams_test_id_seq
    START WITH 1
    INCREMENT BY 1
    NO MINVALUE
    NO MAXVALUE
    CACHE 1
);


--
-- Name: exams_verbentry; Type: TABLE; Schema: public; Owner: postgres
--

CREATE TABLE public.exams_verbentry (
    id bigint NOT NULL,
    verb character varying(120) NOT NULL,
    stream character varying(20) NOT NULL,
    infinitive character varying(120) NOT NULL,
    present character varying(120) NOT NULL,
    past character varying(120) NOT NULL,
    perfect character varying(120) NOT NULL,
    tags jsonb NOT NULL,
    created_at timestamp with time zone NOT NULL,
    updated_at timestamp with time zone NOT NULL,
    examples_infinitive text NOT NULL,
    examples_present text NOT NULL,
    examples_past text NOT NULL,
    examples_perfect text NOT NULL
);


ALTER TABLE public.exams_verbentry OWNER TO postgres;

--
-- Name: exams_verbentry_id_seq; Type: SEQUENCE; Schema: public; Owner: postgres
--

ALTER TABLE public.exams_verbentry ALTER COLUMN id ADD GENERATED BY DEFAULT AS IDENTITY (
    SEQUENCE NAME public.exams_verbentry_id_seq
    START WITH 1
    INCREMENT BY 1
    NO MINVALUE
    NO MAXVALUE
    CACHE 1
);


--
-- Data for Name: auth_group; Type: TABLE DATA; Schema: public; Owner: postgres
--

COPY public.auth_group (id, name) FROM stdin;
\.


--
-- Data for Name: auth_group_permissions; Type: TABLE DATA; Schema: public; Owner: postgres
--

COPY public.auth_group_permissions (id, group_id, permission_id) FROM stdin;
\.


--
-- Data for Name: auth_permission; Type: TABLE DATA; Schema: public; Owner: postgres
--

COPY public.auth_permission (id, name, content_type_id, codename) FROM stdin;
1	Can add log entry	1	add_logentry
2	Can change log entry	1	change_logentry
3	Can delete log entry	1	delete_logentry
4	Can view log entry	1	view_logentry
5	Can add permission	2	add_permission
6	Can change permission	2	change_permission
7	Can delete permission	2	delete_permission
8	Can view permission	2	view_permission
9	Can add group	3	add_group
10	Can change group	3	change_group
11	Can delete group	3	delete_group
12	Can view group	3	view_group
13	Can add user	4	add_user
14	Can change user	4	change_user
15	Can delete user	4	delete_user
16	Can view user	4	view_user
17	Can add content type	5	add_contenttype
18	Can change content type	5	change_contenttype
19	Can delete content type	5	delete_contenttype
20	Can view content type	5	view_contenttype
21	Can add session	6	add_session
22	Can change session	6	change_session
23	Can delete session	6	delete_session
24	Can view session	6	view_session
25	Can add question	7	add_question
26	Can change question	7	change_question
27	Can delete question	7	delete_question
28	Can view question	7	view_question
29	Can add test	8	add_test
30	Can change test	8	change_test
31	Can delete test	8	delete_test
32	Can view test	8	view_test
33	Can add option	9	add_option
34	Can change option	9	change_option
35	Can delete option	9	delete_option
36	Can view option	9	view_option
37	Can add submission	10	add_submission
38	Can change submission	10	change_submission
39	Can delete submission	10	delete_submission
40	Can view submission	10	view_submission
41	Can add answer	11	add_answer
42	Can change answer	11	change_answer
43	Can delete answer	11	delete_answer
44	Can view answer	11	view_answer
45	Can add assignment	12	add_assignment
46	Can change assignment	12	change_assignment
47	Can delete assignment	12	delete_assignment
48	Can view assignment	12	view_assignment
49	Can add exercise	13	add_exercise
50	Can change exercise	13	change_exercise
51	Can delete exercise	13	delete_exercise
52	Can view exercise	13	view_exercise
53	Can add expression	14	add_expression
54	Can change expression	14	change_expression
55	Can delete expression	14	delete_expression
56	Can view expression	14	view_expression
57	Can add material	15	add_material
58	Can change material	15	change_material
59	Can delete material	15	delete_material
60	Can view material	15	view_material
61	Can add verb entry	16	add_verbentry
62	Can change verb entry	16	change_verbentry
63	Can delete verb entry	16	delete_verbentry
64	Can view verb entry	16	view_verbentry
65	Can add glossary term	17	add_glossaryterm
66	Can change glossary term	17	change_glossaryterm
67	Can delete glossary term	17	delete_glossaryterm
68	Can view glossary term	17	view_glossaryterm
69	Can add homework	18	add_homework
70	Can change homework	18	change_homework
71	Can delete homework	18	delete_homework
72	Can view homework	18	view_homework
73	Can add student profile	19	add_studentprofile
74	Can change student profile	19	change_studentprofile
75	Can delete student profile	19	delete_studentprofile
76	Can view student profile	19	view_studentprofile
\.


--
-- Data for Name: auth_user; Type: TABLE DATA; Schema: public; Owner: postgres
--

COPY public.auth_user (id, password, last_login, is_superuser, username, first_name, last_name, email, is_staff, is_active, date_joined) FROM stdin;
2	pbkdf2_sha256$1000000$NltZ4JQjR6T5NGefzdEJki$LRA6M6qosmooPez6C/3oL8rJETOvNMpcS7ZDVRnKHoM=	2025-11-18 16:32:07.744025+00	f	Rita	Rita			t	t	2025-11-18 16:27:40+00
1	pbkdf2_sha256$1000000$qFrheAEW0645xGSw1WmUuy$DwqrsiFZAVABDkK4NyE26VGWII+1+/iCknsSwmw70QY=	2025-11-21 08:45:11.584474+00	t	admin				t	t	2025-11-17 16:29:30.661644+00
\.


--
-- Data for Name: auth_user_groups; Type: TABLE DATA; Schema: public; Owner: postgres
--

COPY public.auth_user_groups (id, user_id, group_id) FROM stdin;
\.


--
-- Data for Name: auth_user_user_permissions; Type: TABLE DATA; Schema: public; Owner: postgres
--

COPY public.auth_user_user_permissions (id, user_id, permission_id) FROM stdin;
1	2	1
2	2	2
3	2	3
4	2	4
5	2	5
6	2	6
7	2	7
8	2	8
9	2	9
10	2	10
11	2	11
12	2	12
13	2	13
14	2	14
15	2	15
16	2	16
17	2	17
18	2	18
19	2	19
20	2	20
21	2	21
22	2	22
23	2	23
24	2	24
25	2	25
26	2	26
27	2	27
28	2	28
29	2	29
30	2	30
31	2	31
32	2	32
33	2	33
34	2	34
35	2	35
36	2	36
37	2	37
38	2	38
39	2	39
40	2	40
41	2	41
42	2	42
43	2	43
44	2	44
45	2	45
46	2	46
47	2	47
48	2	48
\.


--
-- Data for Name: django_admin_log; Type: TABLE DATA; Schema: public; Owner: postgres
--

COPY public.django_admin_log (id, action_time, object_id, object_repr, action_flag, change_message, content_type_id, user_id) FROM stdin;
1	2025-11-18 16:27:40.704059+00	2	Rita	1	[{"added": {}}]	4	1
2	2025-11-18 16:29:15.308365+00	2	Rita	2	[{"changed": {"fields": ["First name", "Staff status", "User permissions"]}}]	4	1
3	2025-11-18 16:31:37.559797+00	2	Rita	2	[{"changed": {"fields": ["password"]}}]	4	1
4	2025-11-18 16:31:41.385013+00	2	Rita	2	[]	4	1
\.


--
-- Data for Name: django_content_type; Type: TABLE DATA; Schema: public; Owner: postgres
--

COPY public.django_content_type (id, app_label, model) FROM stdin;
1	admin	logentry
2	auth	permission
3	auth	group
4	auth	user
5	contenttypes	contenttype
6	sessions	session
7	exams	question
8	exams	test
9	exams	option
10	exams	submission
11	exams	answer
12	exams	assignment
13	exams	exercise
14	exams	expression
15	exams	material
16	exams	verbentry
17	exams	glossaryterm
18	exams	homework
19	exams	studentprofile
\.


--
-- Data for Name: django_migrations; Type: TABLE DATA; Schema: public; Owner: postgres
--

COPY public.django_migrations (id, app, name, applied) FROM stdin;
1	contenttypes	0001_initial	2025-11-17 16:27:58.540479+00
2	auth	0001_initial	2025-11-17 16:27:58.928358+00
3	admin	0001_initial	2025-11-17 16:27:59.023648+00
4	admin	0002_logentry_remove_auto_add	2025-11-17 16:27:59.040455+00
5	admin	0003_logentry_add_action_flag_choices	2025-11-17 16:27:59.061236+00
6	contenttypes	0002_remove_content_type_name	2025-11-17 16:27:59.10668+00
7	auth	0002_alter_permission_name_max_length	2025-11-17 16:27:59.131635+00
8	auth	0003_alter_user_email_max_length	2025-11-17 16:27:59.157791+00
9	auth	0004_alter_user_username_opts	2025-11-17 16:27:59.185523+00
10	auth	0005_alter_user_last_login_null	2025-11-17 16:27:59.214269+00
11	auth	0006_require_contenttypes_0002	2025-11-17 16:27:59.226111+00
12	auth	0007_alter_validators_add_error_messages	2025-11-17 16:27:59.248596+00
13	auth	0008_alter_user_username_max_length	2025-11-17 16:27:59.308046+00
14	auth	0009_alter_user_last_name_max_length	2025-11-17 16:27:59.334794+00
15	auth	0010_alter_group_name_max_length	2025-11-17 16:27:59.367157+00
16	auth	0011_update_proxy_permissions	2025-11-17 16:27:59.400949+00
17	auth	0012_alter_user_first_name_max_length	2025-11-17 16:27:59.43671+00
18	exams	0001_initial	2025-11-17 16:27:59.826533+00
19	sessions	0001_initial	2025-11-17 16:27:59.922779+00
20	exams	0002_test_is_restricted_assignment	2025-11-18 16:04:36.872613+00
21	exams	0003_exercise_expression_material_verbentry_test_stream_and_more	2025-11-18 23:04:40.180729+00
22	exams	0004_alter_exercise_stream_alter_expression_stream_and_more	2025-11-18 23:04:40.235398+00
23	exams	0005_remove_verbentry_examples_and_more	2025-11-19 18:08:03.616103+00
\.


--
-- Data for Name: django_session; Type: TABLE DATA; Schema: public; Owner: postgres
--

COPY public.django_session (session_key, session_data, expire_date) FROM stdin;
pqcc855cchrrmu1y90cs6149ophqq37y	.eJxVjEEOwiAQRe_C2pApYAGX7j0DGZhBqgaS0q6Md7dNutDtf-_9twi4LiWsnecwkbiIQZx-t4jpyXUH9MB6bzK1usxTlLsiD9rlrRG_rof7d1Cwl61WHDOfTcyaELLFMSoAD9kzjgYNascupaw37KzWrNgDJUOk2Xmwg_h8ARDQOL0:1vLSQO:FagtO59gQcCG8szhIKL7oxp1Cn4QboXadz6kZ1k0ark	2025-12-02 20:35:40.926766+00
ebb1e1cukgtpjs10bbek8likx7xfxa5l	.eJxVjEEOwiAQRe_C2pApYAGX7j0DGZhBqgaS0q6Md7dNutDtf-_9twi4LiWsnecwkbiIQZx-t4jpyXUH9MB6bzK1usxTlLsiD9rlrRG_rof7d1Cwl61WHDOfTcyaELLFMSoAD9kzjgYNascupaw37KzWrNgDJUOk2Xmwg_h8ARDQOL0:1vMMlT:le2cynExnNkAYQkToAUeWGJowaqwXS1tTKWSUkv3olA	2025-12-05 08:45:11.593663+00
\.


--
-- Data for Name: exams_answer; Type: TABLE DATA; Schema: public; Owner: postgres
--

COPY public.exams_answer (id, text_response, is_correct, selected_option_id, question_id, submission_id) FROM stdin;
\.


--
-- Data for Name: exams_assignment; Type: TABLE DATA; Schema: public; Owner: postgres
--

COPY public.exams_assignment (id, student_email, created_at, expires_at, assigned_by_id, test_id) FROM stdin;
\.


--
-- Data for Name: exams_exercise; Type: TABLE DATA; Schema: public; Owner: postgres
--

COPY public.exams_exercise (id, title, stream, level, kind, prompt, data, tags, estimated_minutes, assigned_to_email, created_at, updated_at) FROM stdin;
\.


--
-- Data for Name: exams_expression; Type: TABLE DATA; Schema: public; Owner: postgres
--

COPY public.exams_expression (id, phrase, meaning, example, stream, tags, created_at, updated_at) FROM stdin;
\.


--
-- Data for Name: exams_glossaryterm; Type: TABLE DATA; Schema: public; Owner: postgres
--

COPY public.exams_glossaryterm (id, term, translation, explanation, stream, level, tags, created_at, updated_at) FROM stdin;
\.


--
-- Data for Name: exams_homework; Type: TABLE DATA; Schema: public; Owner: postgres
--

COPY public.exams_homework (id, title, stream, level, due_date, instructions, attachments, status, assigned_to_email, student_submission, feedback, created_at, updated_at, teacher_id) FROM stdin;
\.


--
-- Data for Name: exams_material; Type: TABLE DATA; Schema: public; Owner: postgres
--

COPY public.exams_material (id, title, stream, level, material_type, body, url, tags, is_published, assigned_to_email, created_at, updated_at) FROM stdin;
\.


--
-- Data for Name: exams_option; Type: TABLE DATA; Schema: public; Owner: postgres
--

COPY public.exams_option (id, text, is_correct, "order", question_id) FROM stdin;
48651	drikker	t	1	17453
48652	drikke	f	2	17453
48653	drikk	f	3	17453
48654	├еr er	t	1	17454
48655	├еr har	f	2	17454
48656	├еr g├еr	f	3	17454
48657	skal	t	1	17455
48658	skal til	f	2	17455
48659	g├еr	f	3	17455
48660	i	t	1	17456
48661	p├е	f	2	17456
48662	til	f	3	17456
48663	Hei	t	1	17457
48664	Ha det	f	2	17457
48665	Takk	f	3	17457
48666	l├жrer	t	1	17458
48667	leste	f	2	17458
48668	l├жrt	f	3	17458
48669	Hva	f	1	17459
48670	Hvordan	f	2	17459
48671	Hva	f	3	17459
48672	en	t	1	17460
48673	ei	f	2	17460
48674	et	f	3	17460
48675	den	t	1	17461
48676	det	f	2	17461
48677	de	f	3	17461
48678	Hvordan	t	1	17462
48679	Hvor	f	2	17462
48680	N├еr	f	3	17462
48681	drikker	t	1	17463
48682	drikke	f	2	17463
48683	drikk	f	3	17463
48684	├еr er	t	1	17464
48685	├еr har	f	2	17464
48686	├еr g├еr	f	3	17464
48687	skal	t	1	17465
48688	skal til	f	2	17465
48689	g├еr	f	3	17465
48690	i	t	1	17466
48691	p├е	f	2	17466
48692	til	f	3	17466
48693	Hei	t	1	17467
48694	Ha det	f	2	17467
48695	Takk	f	3	17467
48696	l├жrer	t	1	17468
48697	leste	f	2	17468
48698	l├жrt	f	3	17468
48699	Hva	f	1	17469
48700	Hvordan	f	2	17469
48701	Hva	f	3	17469
48702	en	t	1	17470
48703	ei	f	2	17470
48704	et	f	3	17470
48705	den	t	1	17471
48706	det	f	2	17471
48707	de	f	3	17471
48708	Hvordan	t	1	17472
48709	Hvor	f	2	17472
48710	N├еr	f	3	17472
48711	drikker	t	1	17473
48712	drikke	f	2	17473
48713	drikk	f	3	17473
48714	├еr er	t	1	17474
48715	├еr har	f	2	17474
48716	├еr g├еr	f	3	17474
48717	skal	t	1	17475
48718	skal til	f	2	17475
48719	g├еr	f	3	17475
48720	i	t	1	17476
48721	p├е	f	2	17476
48722	til	f	3	17476
48723	Hei	t	1	17477
48724	Ha det	f	2	17477
48725	Takk	f	3	17477
48726	l├жrer	t	1	17478
48727	leste	f	2	17478
48728	l├жrt	f	3	17478
48729	Hva	f	1	17479
48730	Hvordan	f	2	17479
48731	Hva	f	3	17479
48732	en	t	1	17480
48733	ei	f	2	17480
48734	et	f	3	17480
48735	den	t	1	17481
48736	det	f	2	17481
48737	de	f	3	17481
48738	Hvordan	t	1	17482
48739	Hvor	f	2	17482
48740	N├еr	f	3	17482
48741	drikker	t	1	17483
48742	drikke	f	2	17483
48743	drikk	f	3	17483
48744	├еr er	t	1	17484
48745	├еr har	f	2	17484
48746	├еr g├еr	f	3	17484
48747	skal	t	1	17485
48748	skal til	f	2	17485
48749	g├еr	f	3	17485
48750	i	t	1	17486
48751	p├е	f	2	17486
48752	til	f	3	17486
48753	Hei	t	1	17487
48754	Ha det	f	2	17487
48755	Takk	f	3	17487
48756	l├жrer	t	1	17488
48757	leste	f	2	17488
48758	l├жrt	f	3	17488
48759	Hva	f	1	17489
48760	Hvordan	f	2	17489
48761	Hva	f	3	17489
48762	en	t	1	17490
48763	ei	f	2	17490
48764	et	f	3	17490
48765	den	t	1	17491
48766	det	f	2	17491
48767	de	f	3	17491
48768	Hvordan	t	1	17492
48769	Hvor	f	2	17492
48770	N├еr	f	3	17492
48771	drikker	t	1	17493
48772	drikke	f	2	17493
48773	drikk	f	3	17493
48774	├еr er	t	1	17494
48775	├еr har	f	2	17494
48776	├еr g├еr	f	3	17494
48777	skal	t	1	17495
48778	skal til	f	2	17495
48779	g├еr	f	3	17495
48780	i	t	1	17496
48781	p├е	f	2	17496
48782	til	f	3	17496
48783	Hei	t	1	17497
48784	Ha det	f	2	17497
48785	Takk	f	3	17497
48786	l├жrer	t	1	17498
48787	leste	f	2	17498
48788	l├жrt	f	3	17498
48789	Hva	f	1	17499
48790	Hvordan	f	2	17499
48791	Hva	f	3	17499
48792	en	t	1	17500
48793	ei	f	2	17500
48794	et	f	3	17500
48795	den	t	1	17501
48796	det	f	2	17501
48797	de	f	3	17501
48798	Hvordan	t	1	17502
48799	Hvor	f	2	17502
48800	N├еr	f	3	17502
48801	drikker	t	1	17503
48802	drikke	f	2	17503
48803	drikk	f	3	17503
48804	├еr er	t	1	17504
48805	├еr har	f	2	17504
48806	├еr g├еr	f	3	17504
48807	skal	t	1	17505
48808	skal til	f	2	17505
48809	g├еr	f	3	17505
48810	i	t	1	17506
48811	p├е	f	2	17506
48812	til	f	3	17506
48813	Hei	t	1	17507
48814	Ha det	f	2	17507
48815	Takk	f	3	17507
48816	l├жrer	t	1	17508
48817	leste	f	2	17508
48818	l├жrt	f	3	17508
48819	Hva	f	1	17509
48820	Hvordan	f	2	17509
48821	Hva	f	3	17509
48822	en	t	1	17510
48823	ei	f	2	17510
48824	et	f	3	17510
48825	den	t	1	17511
48826	det	f	2	17511
48827	de	f	3	17511
48828	Hvordan	t	1	17512
48829	Hvor	f	2	17512
48830	N├еr	f	3	17512
48831	drikker	t	1	17513
48832	drikke	f	2	17513
48833	drikk	f	3	17513
48834	├еr er	t	1	17514
48835	├еr har	f	2	17514
48836	├еr g├еr	f	3	17514
48837	skal	t	1	17515
48838	skal til	f	2	17515
48839	g├еr	f	3	17515
48840	i	t	1	17516
48841	p├е	f	2	17516
48842	til	f	3	17516
48843	Hei	t	1	17517
48844	Ha det	f	2	17517
48845	Takk	f	3	17517
48846	l├жrer	t	1	17518
48847	leste	f	2	17518
48848	l├жrt	f	3	17518
48849	Hva	f	1	17519
48850	Hvordan	f	2	17519
48851	Hva	f	3	17519
48852	en	t	1	17520
48853	ei	f	2	17520
48854	et	f	3	17520
48855	den	t	1	17521
48856	det	f	2	17521
48857	de	f	3	17521
48858	Hvordan	t	1	17522
48859	Hvor	f	2	17522
48860	N├еr	f	3	17522
48861	drikker	t	1	17523
48862	drikke	f	2	17523
48863	drikk	f	3	17523
48864	├еr er	t	1	17524
48865	├еr har	f	2	17524
48866	├еr g├еr	f	3	17524
48867	skal	t	1	17525
48868	skal til	f	2	17525
48869	g├еr	f	3	17525
48870	i	t	1	17526
48871	p├е	f	2	17526
48872	til	f	3	17526
48873	Hei	t	1	17527
48874	Ha det	f	2	17527
48875	Takk	f	3	17527
48876	l├жrer	t	1	17528
48877	leste	f	2	17528
48878	l├жrt	f	3	17528
48879	Hva	f	1	17529
48880	Hvordan	f	2	17529
48881	Hva	f	3	17529
48882	en	t	1	17530
48883	ei	f	2	17530
48884	et	f	3	17530
48885	den	t	1	17531
48886	det	f	2	17531
48887	de	f	3	17531
48888	Hvordan	t	1	17532
48889	Hvor	f	2	17532
48890	N├еr	f	3	17532
48891	drikker	t	1	17533
48892	drikke	f	2	17533
48893	drikk	f	3	17533
48894	├еr er	t	1	17534
48895	├еr har	f	2	17534
48896	├еr g├еr	f	3	17534
48897	skal	t	1	17535
48898	skal til	f	2	17535
48899	g├еr	f	3	17535
48900	i	t	1	17536
48901	p├е	f	2	17536
48902	til	f	3	17536
48903	Hei	t	1	17537
48904	Ha det	f	2	17537
48905	Takk	f	3	17537
48906	l├жrer	t	1	17538
48907	leste	f	2	17538
48908	l├жrt	f	3	17538
48909	Hva	f	1	17539
48910	Hvordan	f	2	17539
48911	Hva	f	3	17539
48912	en	t	1	17540
48913	ei	f	2	17540
48914	et	f	3	17540
48915	den	t	1	17541
48916	det	f	2	17541
48917	de	f	3	17541
48918	Hvordan	t	1	17542
48919	Hvor	f	2	17542
48920	N├еr	f	3	17542
48921	drikker	t	1	17543
48922	drikke	f	2	17543
48923	drikk	f	3	17543
48924	├еr er	t	1	17544
48925	├еr har	f	2	17544
48926	├еr g├еr	f	3	17544
48927	skal	t	1	17545
48928	skal til	f	2	17545
48929	g├еr	f	3	17545
48930	i	t	1	17546
48931	p├е	f	2	17546
48932	til	f	3	17546
48933	Hei	t	1	17547
48934	Ha det	f	2	17547
48935	Takk	f	3	17547
48936	l├жrer	t	1	17548
48937	leste	f	2	17548
48938	l├жrt	f	3	17548
48939	Hva	f	1	17549
48940	Hvordan	f	2	17549
48941	Hva	f	3	17549
48942	en	t	1	17550
48943	ei	f	2	17550
48944	et	f	3	17550
48945	den	t	1	17551
48946	det	f	2	17551
48947	de	f	3	17551
48948	Hvordan	t	1	17552
48949	Hvor	f	2	17552
48950	N├еr	f	3	17552
48951	blir	t	1	17553
48952	ble	f	2	17553
48953	bli	f	3	17553
48954	s├е	t	1	17554
48955	fordi	f	2	17554
48956	men	f	3	17554
48957	p├е	t	1	17555
48958	i	f	2	17555
48959	til	f	3	17555
48960	i	t	1	17556
48961	p├е	f	2	17556
48962	om	f	3	17556
48963	planlegger	t	1	17557
48964	planla	f	2	17557
48965	planlagt	f	3	17557
48966	├╕ve	t	1	17558
48967	├╕v	f	2	17558
48968	├╕vet	f	3	17558
48969	├е	t	1	17559
48970	og	f	2	17559
48971	til	f	3	17559
48972	stort	t	1	17560
48973	stor	f	2	17560
48974	store	f	3	17560
48975	presens perfektum	t	1	17561
48976	preteritum	f	2	17561
48977	futurum	f	3	17561
48978	v├жr s├е snill	t	1	17562
48979	v├жr s├е god	f	2	17562
48980	takk	f	3	17562
48981	blir	t	1	17563
48982	ble	f	2	17563
48983	bli	f	3	17563
48984	s├е	t	1	17564
48985	fordi	f	2	17564
48986	men	f	3	17564
48987	p├е	t	1	17565
48988	i	f	2	17565
48989	til	f	3	17565
48990	i	t	1	17566
48991	p├е	f	2	17566
48992	om	f	3	17566
48993	planlegger	t	1	17567
48994	planla	f	2	17567
48995	planlagt	f	3	17567
48996	├╕ve	t	1	17568
48997	├╕v	f	2	17568
48998	├╕vet	f	3	17568
48999	├е	t	1	17569
49000	og	f	2	17569
49001	til	f	3	17569
49002	stort	t	1	17570
49003	stor	f	2	17570
49004	store	f	3	17570
49005	presens perfektum	t	1	17571
49006	preteritum	f	2	17571
49007	futurum	f	3	17571
49008	v├жr s├е snill	t	1	17572
49009	v├жr s├е god	f	2	17572
49010	takk	f	3	17572
49011	blir	t	1	17573
49012	ble	f	2	17573
49013	bli	f	3	17573
49014	s├е	t	1	17574
49015	fordi	f	2	17574
49016	men	f	3	17574
49017	p├е	t	1	17575
49018	i	f	2	17575
49019	til	f	3	17575
49020	i	t	1	17576
49021	p├е	f	2	17576
49022	om	f	3	17576
49023	planlegger	t	1	17577
49024	planla	f	2	17577
49025	planlagt	f	3	17577
49026	├╕ve	t	1	17578
49027	├╕v	f	2	17578
49028	├╕vet	f	3	17578
49029	├е	t	1	17579
49030	og	f	2	17579
49031	til	f	3	17579
49032	stort	t	1	17580
49033	stor	f	2	17580
49034	store	f	3	17580
49035	presens perfektum	t	1	17581
49036	preteritum	f	2	17581
49037	futurum	f	3	17581
49038	v├жr s├е snill	t	1	17582
49039	v├жr s├е god	f	2	17582
49040	takk	f	3	17582
49041	blir	t	1	17583
49042	ble	f	2	17583
49043	bli	f	3	17583
49044	s├е	t	1	17584
49045	fordi	f	2	17584
49046	men	f	3	17584
49047	p├е	t	1	17585
49048	i	f	2	17585
49049	til	f	3	17585
49050	i	t	1	17586
49051	p├е	f	2	17586
49052	om	f	3	17586
49053	planlegger	t	1	17587
49054	planla	f	2	17587
49055	planlagt	f	3	17587
49056	├╕ve	t	1	17588
49057	├╕v	f	2	17588
49058	├╕vet	f	3	17588
49059	├е	t	1	17589
49060	og	f	2	17589
49061	til	f	3	17589
49062	stort	t	1	17590
49063	stor	f	2	17590
49064	store	f	3	17590
49065	presens perfektum	t	1	17591
49066	preteritum	f	2	17591
49067	futurum	f	3	17591
49068	v├жr s├е snill	t	1	17592
49069	v├жr s├е god	f	2	17592
49070	takk	f	3	17592
49071	blir	t	1	17593
49072	ble	f	2	17593
49073	bli	f	3	17593
49074	s├е	t	1	17594
49075	fordi	f	2	17594
49076	men	f	3	17594
49077	p├е	t	1	17595
49078	i	f	2	17595
49079	til	f	3	17595
49080	i	t	1	17596
49081	p├е	f	2	17596
49082	om	f	3	17596
49083	planlegger	t	1	17597
49084	planla	f	2	17597
49085	planlagt	f	3	17597
49086	├╕ve	t	1	17598
49087	├╕v	f	2	17598
49088	├╕vet	f	3	17598
49089	├е	t	1	17599
49090	og	f	2	17599
49091	til	f	3	17599
49092	stort	t	1	17600
49093	stor	f	2	17600
49094	store	f	3	17600
49095	presens perfektum	t	1	17601
49096	preteritum	f	2	17601
49097	futurum	f	3	17601
49098	v├жr s├е snill	t	1	17602
49099	v├жr s├е god	f	2	17602
49100	takk	f	3	17602
49101	blir	t	1	17603
49102	ble	f	2	17603
49103	bli	f	3	17603
49104	s├е	t	1	17604
49105	fordi	f	2	17604
49106	men	f	3	17604
49107	p├е	t	1	17605
49108	i	f	2	17605
49109	til	f	3	17605
49110	i	t	1	17606
49111	p├е	f	2	17606
49112	om	f	3	17606
49113	planlegger	t	1	17607
49114	planla	f	2	17607
49115	planlagt	f	3	17607
49116	├╕ve	t	1	17608
49117	├╕v	f	2	17608
49118	├╕vet	f	3	17608
49119	├е	t	1	17609
49120	og	f	2	17609
49121	til	f	3	17609
49122	stort	t	1	17610
49123	stor	f	2	17610
49124	store	f	3	17610
49125	presens perfektum	t	1	17611
49126	preteritum	f	2	17611
49127	futurum	f	3	17611
49128	v├жr s├е snill	t	1	17612
49129	v├жr s├е god	f	2	17612
49130	takk	f	3	17612
49131	blir	t	1	17613
49132	ble	f	2	17613
49133	bli	f	3	17613
49134	s├е	t	1	17614
49135	fordi	f	2	17614
49136	men	f	3	17614
49137	p├е	t	1	17615
49138	i	f	2	17615
49139	til	f	3	17615
49140	i	t	1	17616
49141	p├е	f	2	17616
49142	om	f	3	17616
49143	planlegger	t	1	17617
49144	planla	f	2	17617
49145	planlagt	f	3	17617
49146	├╕ve	t	1	17618
49147	├╕v	f	2	17618
49148	├╕vet	f	3	17618
49149	├е	t	1	17619
49150	og	f	2	17619
49151	til	f	3	17619
49152	stort	t	1	17620
49153	stor	f	2	17620
49154	store	f	3	17620
49155	presens perfektum	t	1	17621
49156	preteritum	f	2	17621
49157	futurum	f	3	17621
49158	v├жr s├е snill	t	1	17622
49159	v├жr s├е god	f	2	17622
49160	takk	f	3	17622
49161	blir	t	1	17623
49162	ble	f	2	17623
49163	bli	f	3	17623
49164	s├е	t	1	17624
49165	fordi	f	2	17624
49166	men	f	3	17624
49167	p├е	t	1	17625
49168	i	f	2	17625
49169	til	f	3	17625
49170	i	t	1	17626
49171	p├е	f	2	17626
49172	om	f	3	17626
49173	planlegger	t	1	17627
49174	planla	f	2	17627
49175	planlagt	f	3	17627
49176	├╕ve	t	1	17628
49177	├╕v	f	2	17628
49178	├╕vet	f	3	17628
49179	├е	t	1	17629
49180	og	f	2	17629
49181	til	f	3	17629
49182	stort	t	1	17630
49183	stor	f	2	17630
49184	store	f	3	17630
49185	presens perfektum	t	1	17631
49186	preteritum	f	2	17631
49187	futurum	f	3	17631
49188	v├жr s├е snill	t	1	17632
49189	v├жr s├е god	f	2	17632
49190	takk	f	3	17632
49191	blir	t	1	17633
49192	ble	f	2	17633
49193	bli	f	3	17633
49194	s├е	t	1	17634
49195	fordi	f	2	17634
49196	men	f	3	17634
49197	p├е	t	1	17635
49198	i	f	2	17635
49199	til	f	3	17635
49200	i	t	1	17636
49201	p├е	f	2	17636
49202	om	f	3	17636
49203	planlegger	t	1	17637
49204	planla	f	2	17637
49205	planlagt	f	3	17637
49206	├╕ve	t	1	17638
49207	├╕v	f	2	17638
49208	├╕vet	f	3	17638
49209	├е	t	1	17639
49210	og	f	2	17639
49211	til	f	3	17639
49212	stort	t	1	17640
49213	stor	f	2	17640
49214	store	f	3	17640
49215	presens perfektum	t	1	17641
49216	preteritum	f	2	17641
49217	futurum	f	3	17641
49218	v├жr s├е snill	t	1	17642
49219	v├жr s├е god	f	2	17642
49220	takk	f	3	17642
49221	blir	t	1	17643
49222	ble	f	2	17643
49223	bli	f	3	17643
49224	s├е	t	1	17644
49225	fordi	f	2	17644
49226	men	f	3	17644
49227	p├е	t	1	17645
49228	i	f	2	17645
49229	til	f	3	17645
49230	i	t	1	17646
49231	p├е	f	2	17646
49232	om	f	3	17646
49233	planlegger	t	1	17647
49234	planla	f	2	17647
49235	planlagt	f	3	17647
49236	├╕ve	t	1	17648
49237	├╕v	f	2	17648
49238	├╕vet	f	3	17648
49239	├е	t	1	17649
49240	og	f	2	17649
49241	til	f	3	17649
49242	stort	t	1	17650
49243	stor	f	2	17650
49244	store	f	3	17650
49245	presens perfektum	t	1	17651
49246	preteritum	f	2	17651
49247	futurum	f	3	17651
49248	v├жr s├е snill	t	1	17652
49249	v├жr s├е god	f	2	17652
49250	takk	f	3	17652
49251	blir	t	1	17653
49252	ble	f	2	17653
49253	blitt	f	3	17653
49254	skj├╕nner	t	1	17654
49255	skj├╕nte	f	2	17654
49256	skj├╕nt	f	3	17654
49257	ville	t	1	17655
49258	skal	f	2	17655
49259	har	f	3	17655
49260	ble	f	1	17656
49261	blei	f	2	17656
49262	ble	f	3	17656
49263	et ├╕nske	t	1	17657
49264	et tilbud	f	2	17657
49265	en p├еstand	f	3	17657
49266	for	t	1	17658
49267	├е	f	2	17658
49268	til	f	3	17658
49269	jobbe hardt	t	1	17659
49270	slappe av	f	2	17659
49271	g├е hjem	f	3	17659
49272	F├╕r	t	1	17660
49273	N├еr	f	2	17660
49274	Da	f	3	17660
49275	alltid presis	t	1	17661
49276	alltid sen	f	2	17661
49277	aldri presis	f	3	17661
49278	av	t	1	17662
49279	p├е	f	2	17662
49280	med	f	3	17662
49281	blir	t	1	17663
49282	ble	f	2	17663
49283	blitt	f	3	17663
49284	skj├╕nner	t	1	17664
49285	skj├╕nte	f	2	17664
49286	skj├╕nt	f	3	17664
49287	ville	t	1	17665
49288	skal	f	2	17665
49289	har	f	3	17665
49290	ble	f	1	17666
49291	blei	f	2	17666
49292	ble	f	3	17666
49293	et ├╕nske	t	1	17667
49294	et tilbud	f	2	17667
49295	en p├еstand	f	3	17667
49296	for	t	1	17668
49297	├е	f	2	17668
49298	til	f	3	17668
49299	jobbe hardt	t	1	17669
49300	slappe av	f	2	17669
49301	g├е hjem	f	3	17669
49302	F├╕r	t	1	17670
49303	N├еr	f	2	17670
49304	Da	f	3	17670
49305	alltid presis	t	1	17671
49306	alltid sen	f	2	17671
49307	aldri presis	f	3	17671
49308	av	t	1	17672
49309	p├е	f	2	17672
49310	med	f	3	17672
49311	blir	t	1	17673
49312	ble	f	2	17673
49313	blitt	f	3	17673
49314	skj├╕nner	t	1	17674
49315	skj├╕nte	f	2	17674
49316	skj├╕nt	f	3	17674
49317	ville	t	1	17675
49318	skal	f	2	17675
49319	har	f	3	17675
49320	ble	f	1	17676
49321	blei	f	2	17676
49322	ble	f	3	17676
49323	et ├╕nske	t	1	17677
49324	et tilbud	f	2	17677
49325	en p├еstand	f	3	17677
49326	for	t	1	17678
49327	├е	f	2	17678
49328	til	f	3	17678
49329	jobbe hardt	t	1	17679
49330	slappe av	f	2	17679
49331	g├е hjem	f	3	17679
49332	F├╕r	t	1	17680
49333	N├еr	f	2	17680
49334	Da	f	3	17680
49335	alltid presis	t	1	17681
49336	alltid sen	f	2	17681
49337	aldri presis	f	3	17681
49338	av	t	1	17682
49339	p├е	f	2	17682
49340	med	f	3	17682
49341	blir	t	1	17683
49342	ble	f	2	17683
49343	blitt	f	3	17683
49344	skj├╕nner	t	1	17684
49345	skj├╕nte	f	2	17684
49346	skj├╕nt	f	3	17684
49347	ville	t	1	17685
49348	skal	f	2	17685
49349	har	f	3	17685
49350	ble	f	1	17686
49351	blei	f	2	17686
49352	ble	f	3	17686
49353	et ├╕nske	t	1	17687
49354	et tilbud	f	2	17687
49355	en p├еstand	f	3	17687
49356	for	t	1	17688
49357	├е	f	2	17688
49358	til	f	3	17688
49359	jobbe hardt	t	1	17689
49360	slappe av	f	2	17689
49361	g├е hjem	f	3	17689
49362	F├╕r	t	1	17690
49363	N├еr	f	2	17690
49364	Da	f	3	17690
49365	alltid presis	t	1	17691
49366	alltid sen	f	2	17691
49367	aldri presis	f	3	17691
49368	av	t	1	17692
49369	p├е	f	2	17692
49370	med	f	3	17692
49371	blir	t	1	17693
49372	ble	f	2	17693
49373	blitt	f	3	17693
49374	skj├╕nner	t	1	17694
49375	skj├╕nte	f	2	17694
49376	skj├╕nt	f	3	17694
49377	ville	t	1	17695
49378	skal	f	2	17695
49379	har	f	3	17695
49380	ble	f	1	17696
49381	blei	f	2	17696
49382	ble	f	3	17696
49383	et ├╕nske	t	1	17697
49384	et tilbud	f	2	17697
49385	en p├еstand	f	3	17697
49386	for	t	1	17698
49387	├е	f	2	17698
49388	til	f	3	17698
49389	jobbe hardt	t	1	17699
49390	slappe av	f	2	17699
49391	g├е hjem	f	3	17699
49392	F├╕r	t	1	17700
49393	N├еr	f	2	17700
49394	Da	f	3	17700
49395	alltid presis	t	1	17701
49396	alltid sen	f	2	17701
49397	aldri presis	f	3	17701
49398	av	t	1	17702
49399	p├е	f	2	17702
49400	med	f	3	17702
49401	blir	t	1	17703
49402	ble	f	2	17703
49403	blitt	f	3	17703
49404	skj├╕nner	t	1	17704
49405	skj├╕nte	f	2	17704
49406	skj├╕nt	f	3	17704
49407	ville	t	1	17705
49408	skal	f	2	17705
49409	har	f	3	17705
49410	ble	f	1	17706
49411	blei	f	2	17706
49412	ble	f	3	17706
49413	et ├╕nske	t	1	17707
49414	et tilbud	f	2	17707
49415	en p├еstand	f	3	17707
49416	for	t	1	17708
49417	├е	f	2	17708
49418	til	f	3	17708
49419	jobbe hardt	t	1	17709
49420	slappe av	f	2	17709
49421	g├е hjem	f	3	17709
49422	F├╕r	t	1	17710
49423	N├еr	f	2	17710
49424	Da	f	3	17710
49425	alltid presis	t	1	17711
49426	alltid sen	f	2	17711
49427	aldri presis	f	3	17711
49428	av	t	1	17712
49429	p├е	f	2	17712
49430	med	f	3	17712
49431	blir	t	1	17713
49432	ble	f	2	17713
49433	blitt	f	3	17713
49434	skj├╕nner	t	1	17714
49435	skj├╕nte	f	2	17714
49436	skj├╕nt	f	3	17714
49437	ville	t	1	17715
49438	skal	f	2	17715
49439	har	f	3	17715
49440	ble	f	1	17716
49441	blei	f	2	17716
49442	ble	f	3	17716
49443	et ├╕nske	t	1	17717
49444	et tilbud	f	2	17717
49445	en p├еstand	f	3	17717
49446	for	t	1	17718
49447	├е	f	2	17718
49448	til	f	3	17718
49449	jobbe hardt	t	1	17719
49450	slappe av	f	2	17719
49451	g├е hjem	f	3	17719
49452	F├╕r	t	1	17720
49453	N├еr	f	2	17720
49454	Da	f	3	17720
49455	alltid presis	t	1	17721
49456	alltid sen	f	2	17721
49457	aldri presis	f	3	17721
49458	av	t	1	17722
49459	p├е	f	2	17722
49460	med	f	3	17722
49461	blir	t	1	17723
49462	ble	f	2	17723
49463	blitt	f	3	17723
49464	skj├╕nner	t	1	17724
49465	skj├╕nte	f	2	17724
49466	skj├╕nt	f	3	17724
49467	ville	t	1	17725
49468	skal	f	2	17725
49469	har	f	3	17725
49470	ble	f	1	17726
49471	blei	f	2	17726
49472	ble	f	3	17726
49473	et ├╕nske	t	1	17727
49474	et tilbud	f	2	17727
49475	en p├еstand	f	3	17727
49476	for	t	1	17728
49477	├е	f	2	17728
49478	til	f	3	17728
49479	jobbe hardt	t	1	17729
49480	slappe av	f	2	17729
49481	g├е hjem	f	3	17729
49482	F├╕r	t	1	17730
49483	N├еr	f	2	17730
49484	Da	f	3	17730
49485	alltid presis	t	1	17731
49486	alltid sen	f	2	17731
49487	aldri presis	f	3	17731
49488	av	t	1	17732
49489	p├е	f	2	17732
49490	med	f	3	17732
49491	blir	t	1	17733
49492	ble	f	2	17733
49493	blitt	f	3	17733
49494	skj├╕nner	t	1	17734
49495	skj├╕nte	f	2	17734
49496	skj├╕nt	f	3	17734
49497	ville	t	1	17735
49498	skal	f	2	17735
49499	har	f	3	17735
49500	ble	f	1	17736
49501	blei	f	2	17736
49502	ble	f	3	17736
49503	et ├╕nske	t	1	17737
49504	et tilbud	f	2	17737
49505	en p├еstand	f	3	17737
49506	for	t	1	17738
49507	├е	f	2	17738
49508	til	f	3	17738
49509	jobbe hardt	t	1	17739
49510	slappe av	f	2	17739
49511	g├е hjem	f	3	17739
49512	F├╕r	t	1	17740
49513	N├еr	f	2	17740
49514	Da	f	3	17740
49515	alltid presis	t	1	17741
49516	alltid sen	f	2	17741
49517	aldri presis	f	3	17741
49518	av	t	1	17742
49519	p├е	f	2	17742
49520	med	f	3	17742
49521	blir	t	1	17743
49522	ble	f	2	17743
49523	blitt	f	3	17743
49524	skj├╕nner	t	1	17744
49525	skj├╕nte	f	2	17744
49526	skj├╕nt	f	3	17744
49527	ville	t	1	17745
49528	skal	f	2	17745
49529	har	f	3	17745
49530	ble	f	1	17746
49531	blei	f	2	17746
49532	ble	f	3	17746
49533	et ├╕nske	t	1	17747
49534	et tilbud	f	2	17747
49535	en p├еstand	f	3	17747
49536	for	t	1	17748
49537	├е	f	2	17748
49538	til	f	3	17748
49539	jobbe hardt	t	1	17749
49540	slappe av	f	2	17749
49541	g├е hjem	f	3	17749
49542	F├╕r	t	1	17750
49543	N├еr	f	2	17750
49544	Da	f	3	17750
49545	alltid presis	t	1	17751
49546	alltid sen	f	2	17751
49547	aldri presis	f	3	17751
49548	av	t	1	17752
49549	p├е	f	2	17752
49550	med	f	3	17752
49551	som	t	1	17753
49552	for	f	2	17753
49553	til	f	3	17753
49554	motsetning	t	1	17754
49555	├еrsak	f	2	17754
49556	konsekvens	f	3	17754
49557	om	t	1	17755
49558	p├е	f	2	17755
49559	for	f	3	17755
49560	├е overdrive for ├е tydeliggj├╕re	t	1	17756
49561	├е legge det bort	f	2	17756
49562	├е avslutte	f	3	17756
49563	ned	f	1	17757
49564	fast	t	2	17757
49565	p├е	f	3	17757
49566	Hun skrev boken.	t	1	17758
49567	Hun skriver boken.	f	2	17758
49568	Hun ble skrevet boken.	f	3	17758
49569	at	t	1	17759
49570	om	f	2	17759
49571	hvis	f	3	17759
49572	selv om	t	1	17760
49573	fordi	f	2	17760
49574	mens	f	3	17760
49575	├е v├жre t├еlmodig	t	1	17761
49576	├е v├жre sint	f	2	17761
49577	├е gi opp	f	3	17761
49578	├е v├жre helt ├жrlig	t	1	17762
49579	├е gi opp	f	2	17762
49580	├е lure noen	f	3	17762
49581	som	t	1	17763
49582	for	f	2	17763
49583	til	f	3	17763
49584	motsetning	t	1	17764
49585	├еrsak	f	2	17764
49586	konsekvens	f	3	17764
49587	om	t	1	17765
49588	p├е	f	2	17765
49589	for	f	3	17765
49590	├е overdrive for ├е tydeliggj├╕re	t	1	17766
49591	├е legge det bort	f	2	17766
49592	├е avslutte	f	3	17766
49593	ned	f	1	17767
49594	fast	t	2	17767
49595	p├е	f	3	17767
49596	Hun skrev boken.	t	1	17768
49597	Hun skriver boken.	f	2	17768
49598	Hun ble skrevet boken.	f	3	17768
49599	at	t	1	17769
49600	om	f	2	17769
49601	hvis	f	3	17769
49602	selv om	t	1	17770
49603	fordi	f	2	17770
49604	mens	f	3	17770
49605	├е v├жre t├еlmodig	t	1	17771
49606	├е v├жre sint	f	2	17771
49607	├е gi opp	f	3	17771
49608	├е v├жre helt ├жrlig	t	1	17772
49609	├е gi opp	f	2	17772
49610	├е lure noen	f	3	17772
49611	som	t	1	17773
49612	for	f	2	17773
49613	til	f	3	17773
49614	motsetning	t	1	17774
49615	├еrsak	f	2	17774
49616	konsekvens	f	3	17774
49617	om	t	1	17775
49618	p├е	f	2	17775
49619	for	f	3	17775
49620	├е overdrive for ├е tydeliggj├╕re	t	1	17776
49621	├е legge det bort	f	2	17776
49622	├е avslutte	f	3	17776
49623	ned	f	1	17777
49624	fast	t	2	17777
49625	p├е	f	3	17777
49626	Hun skrev boken.	t	1	17778
49627	Hun skriver boken.	f	2	17778
49628	Hun ble skrevet boken.	f	3	17778
49629	at	t	1	17779
49630	om	f	2	17779
49631	hvis	f	3	17779
49632	selv om	t	1	17780
49633	fordi	f	2	17780
49634	mens	f	3	17780
49635	├е v├жre t├еlmodig	t	1	17781
49636	├е v├жre sint	f	2	17781
49637	├е gi opp	f	3	17781
49638	├е v├жre helt ├жrlig	t	1	17782
49639	├е gi opp	f	2	17782
49640	├е lure noen	f	3	17782
49641	som	t	1	17783
49642	for	f	2	17783
49643	til	f	3	17783
49644	motsetning	t	1	17784
49645	├еrsak	f	2	17784
49646	konsekvens	f	3	17784
49647	om	t	1	17785
49648	p├е	f	2	17785
49649	for	f	3	17785
49650	├е overdrive for ├е tydeliggj├╕re	t	1	17786
49651	├е legge det bort	f	2	17786
49652	├е avslutte	f	3	17786
49653	ned	f	1	17787
49654	fast	t	2	17787
49655	p├е	f	3	17787
49656	Hun skrev boken.	t	1	17788
49657	Hun skriver boken.	f	2	17788
49658	Hun ble skrevet boken.	f	3	17788
49659	at	t	1	17789
49660	om	f	2	17789
49661	hvis	f	3	17789
49662	selv om	t	1	17790
49663	fordi	f	2	17790
49664	mens	f	3	17790
49665	├е v├жre t├еlmodig	t	1	17791
49666	├е v├жre sint	f	2	17791
49667	├е gi opp	f	3	17791
49668	├е v├жre helt ├жrlig	t	1	17792
49669	├е gi opp	f	2	17792
49670	├е lure noen	f	3	17792
49671	som	t	1	17793
49672	for	f	2	17793
49673	til	f	3	17793
49674	motsetning	t	1	17794
49675	├еrsak	f	2	17794
49676	konsekvens	f	3	17794
49677	om	t	1	17795
49678	p├е	f	2	17795
49679	for	f	3	17795
49680	├е overdrive for ├е tydeliggj├╕re	t	1	17796
49681	├е legge det bort	f	2	17796
49682	├е avslutte	f	3	17796
49683	ned	f	1	17797
49684	fast	t	2	17797
49685	p├е	f	3	17797
49686	Hun skrev boken.	t	1	17798
49687	Hun skriver boken.	f	2	17798
49688	Hun ble skrevet boken.	f	3	17798
49689	at	t	1	17799
49690	om	f	2	17799
49691	hvis	f	3	17799
49692	selv om	t	1	17800
49693	fordi	f	2	17800
49694	mens	f	3	17800
49695	├е v├жre t├еlmodig	t	1	17801
49696	├е v├жre sint	f	2	17801
49697	├е gi opp	f	3	17801
49698	├е v├жre helt ├жrlig	t	1	17802
49699	├е gi opp	f	2	17802
49700	├е lure noen	f	3	17802
49701	som	t	1	17803
49702	for	f	2	17803
49703	til	f	3	17803
49704	motsetning	t	1	17804
49705	├еrsak	f	2	17804
49706	konsekvens	f	3	17804
49707	om	t	1	17805
49708	p├е	f	2	17805
49709	for	f	3	17805
49710	├е overdrive for ├е tydeliggj├╕re	t	1	17806
49711	├е legge det bort	f	2	17806
49712	├е avslutte	f	3	17806
49713	ned	f	1	17807
49714	fast	t	2	17807
49715	p├е	f	3	17807
49716	Hun skrev boken.	t	1	17808
49717	Hun skriver boken.	f	2	17808
49718	Hun ble skrevet boken.	f	3	17808
49719	at	t	1	17809
49720	om	f	2	17809
49721	hvis	f	3	17809
49722	selv om	t	1	17810
49723	fordi	f	2	17810
49724	mens	f	3	17810
49725	├е v├жre t├еlmodig	t	1	17811
49726	├е v├жre sint	f	2	17811
49727	├е gi opp	f	3	17811
49728	├е v├жre helt ├жrlig	t	1	17812
49729	├е gi opp	f	2	17812
49730	├е lure noen	f	3	17812
49731	som	t	1	17813
49732	for	f	2	17813
49733	til	f	3	17813
49734	motsetning	t	1	17814
49735	├еrsak	f	2	17814
49736	konsekvens	f	3	17814
49737	om	t	1	17815
49738	p├е	f	2	17815
49739	for	f	3	17815
49740	├е overdrive for ├е tydeliggj├╕re	t	1	17816
49741	├е legge det bort	f	2	17816
49742	├е avslutte	f	3	17816
49743	ned	f	1	17817
49744	fast	t	2	17817
49745	p├е	f	3	17817
49746	Hun skrev boken.	t	1	17818
49747	Hun skriver boken.	f	2	17818
49748	Hun ble skrevet boken.	f	3	17818
49749	at	t	1	17819
49750	om	f	2	17819
49751	hvis	f	3	17819
49752	selv om	t	1	17820
49753	fordi	f	2	17820
49754	mens	f	3	17820
49755	├е v├жre t├еlmodig	t	1	17821
49756	├е v├жre sint	f	2	17821
49757	├е gi opp	f	3	17821
49758	├е v├жre helt ├жrlig	t	1	17822
49759	├е gi opp	f	2	17822
49760	├е lure noen	f	3	17822
49761	som	t	1	17823
49762	for	f	2	17823
49763	til	f	3	17823
49764	motsetning	t	1	17824
49765	├еrsak	f	2	17824
49766	konsekvens	f	3	17824
49767	om	t	1	17825
49768	p├е	f	2	17825
49769	for	f	3	17825
49770	├е overdrive for ├е tydeliggj├╕re	t	1	17826
49771	├е legge det bort	f	2	17826
49772	├е avslutte	f	3	17826
49773	ned	f	1	17827
49774	fast	t	2	17827
49775	p├е	f	3	17827
49776	Hun skrev boken.	t	1	17828
49777	Hun skriver boken.	f	2	17828
49778	Hun ble skrevet boken.	f	3	17828
49779	at	t	1	17829
49780	om	f	2	17829
49781	hvis	f	3	17829
49782	selv om	t	1	17830
49783	fordi	f	2	17830
49784	mens	f	3	17830
49785	├е v├жre t├еlmodig	t	1	17831
49786	├е v├жre sint	f	2	17831
49787	├е gi opp	f	3	17831
49788	├е v├жre helt ├жrlig	t	1	17832
49789	├е gi opp	f	2	17832
49790	├е lure noen	f	3	17832
49791	som	t	1	17833
49792	for	f	2	17833
49793	til	f	3	17833
49794	motsetning	t	1	17834
49795	├еrsak	f	2	17834
49796	konsekvens	f	3	17834
49797	om	t	1	17835
49798	p├е	f	2	17835
49799	for	f	3	17835
49800	├е overdrive for ├е tydeliggj├╕re	t	1	17836
49801	├е legge det bort	f	2	17836
49802	├е avslutte	f	3	17836
49803	ned	f	1	17837
49804	fast	t	2	17837
49805	p├е	f	3	17837
49806	Hun skrev boken.	t	1	17838
49807	Hun skriver boken.	f	2	17838
49808	Hun ble skrevet boken.	f	3	17838
49809	at	t	1	17839
49810	om	f	2	17839
49811	hvis	f	3	17839
49812	selv om	t	1	17840
49813	fordi	f	2	17840
49814	mens	f	3	17840
49815	├е v├жre t├еlmodig	t	1	17841
49816	├е v├жre sint	f	2	17841
49817	├е gi opp	f	3	17841
49818	├е v├жre helt ├жrlig	t	1	17842
49819	├е gi opp	f	2	17842
49820	├е lure noen	f	3	17842
49821	som	t	1	17843
49822	for	f	2	17843
49823	til	f	3	17843
49824	motsetning	t	1	17844
49825	├еrsak	f	2	17844
49826	konsekvens	f	3	17844
49827	om	t	1	17845
49828	p├е	f	2	17845
49829	for	f	3	17845
49830	├е overdrive for ├е tydeliggj├╕re	t	1	17846
49831	├е legge det bort	f	2	17846
49832	├е avslutte	f	3	17846
49833	ned	f	1	17847
49834	fast	t	2	17847
49835	p├е	f	3	17847
49836	Hun skrev boken.	t	1	17848
49837	Hun skriver boken.	f	2	17848
49838	Hun ble skrevet boken.	f	3	17848
49839	at	t	1	17849
49840	om	f	2	17849
49841	hvis	f	3	17849
49842	selv om	t	1	17850
49843	fordi	f	2	17850
49844	mens	f	3	17850
49845	├е v├жre t├еlmodig	t	1	17851
49846	├е v├жre sint	f	2	17851
49847	├е gi opp	f	3	17851
49848	├е v├жre helt ├жrlig	t	1	17852
49849	├е gi opp	f	2	17852
49850	├е lure noen	f	3	17852
\.


--
-- Data for Name: exams_question; Type: TABLE DATA; Schema: public; Owner: postgres
--

COPY public.exams_question (id, text, question_type, "order", explanation, test_id) FROM stdin;
17453	Jeg ___ kaffe hver morgen.	single	1		1805
17454	Hvor mange __ du?	single	2		1805
17455	Vi ___ p├е kino i kveld.	single	3		1805
17456	Hun bor ___ Oslo.	single	4		1805
17457	Velg hilsenen som betyr 'hello'.	single	5		1805
17458	Han ___ norsk hver dag.	single	6		1805
17459	Jeg heter Anna. ___ heter du?	single	7		1805
17460	Velg riktig artikkel: ___ stol	single	8		1805
17461	Hvilket ord passer? 'Jeg liker ___ bl├е jakken.'	single	9		1805
17462	___ g├еr det?	single	10		1805
17463	Jeg ___ kaffe hver morgen.	single	1		1806
17464	Hvor mange __ du?	single	2		1806
17465	Vi ___ p├е kino i kveld.	single	3		1806
17466	Hun bor ___ Oslo.	single	4		1806
17467	Velg hilsenen som betyr 'hello'.	single	5		1806
17468	Han ___ norsk hver dag.	single	6		1806
17469	Jeg heter Anna. ___ heter du?	single	7		1806
17470	Velg riktig artikkel: ___ stol	single	8		1806
17471	Hvilket ord passer? 'Jeg liker ___ bl├е jakken.'	single	9		1806
17472	___ g├еr det?	single	10		1806
17473	Jeg ___ kaffe hver morgen.	single	1		1807
17474	Hvor mange __ du?	single	2		1807
17475	Vi ___ p├е kino i kveld.	single	3		1807
17476	Hun bor ___ Oslo.	single	4		1807
17477	Velg hilsenen som betyr 'hello'.	single	5		1807
17478	Han ___ norsk hver dag.	single	6		1807
17479	Jeg heter Anna. ___ heter du?	single	7		1807
17480	Velg riktig artikkel: ___ stol	single	8		1807
17481	Hvilket ord passer? 'Jeg liker ___ bl├е jakken.'	single	9		1807
17482	___ g├еr det?	single	10		1807
17483	Jeg ___ kaffe hver morgen.	single	1		1808
17484	Hvor mange __ du?	single	2		1808
17485	Vi ___ p├е kino i kveld.	single	3		1808
17486	Hun bor ___ Oslo.	single	4		1808
17487	Velg hilsenen som betyr 'hello'.	single	5		1808
17488	Han ___ norsk hver dag.	single	6		1808
17489	Jeg heter Anna. ___ heter du?	single	7		1808
17490	Velg riktig artikkel: ___ stol	single	8		1808
17491	Hvilket ord passer? 'Jeg liker ___ bl├е jakken.'	single	9		1808
17492	___ g├еr det?	single	10		1808
17493	Jeg ___ kaffe hver morgen.	single	1		1809
17494	Hvor mange __ du?	single	2		1809
17495	Vi ___ p├е kino i kveld.	single	3		1809
17496	Hun bor ___ Oslo.	single	4		1809
17497	Velg hilsenen som betyr 'hello'.	single	5		1809
17498	Han ___ norsk hver dag.	single	6		1809
17499	Jeg heter Anna. ___ heter du?	single	7		1809
17500	Velg riktig artikkel: ___ stol	single	8		1809
17501	Hvilket ord passer? 'Jeg liker ___ bl├е jakken.'	single	9		1809
17502	___ g├еr det?	single	10		1809
17503	Jeg ___ kaffe hver morgen.	single	1		1810
17504	Hvor mange __ du?	single	2		1810
17505	Vi ___ p├е kino i kveld.	single	3		1810
17506	Hun bor ___ Oslo.	single	4		1810
17507	Velg hilsenen som betyr 'hello'.	single	5		1810
17508	Han ___ norsk hver dag.	single	6		1810
17509	Jeg heter Anna. ___ heter du?	single	7		1810
17510	Velg riktig artikkel: ___ stol	single	8		1810
17511	Hvilket ord passer? 'Jeg liker ___ bl├е jakken.'	single	9		1810
17512	___ g├еr det?	single	10		1810
17513	Jeg ___ kaffe hver morgen.	single	1		1811
17514	Hvor mange __ du?	single	2		1811
17515	Vi ___ p├е kino i kveld.	single	3		1811
17516	Hun bor ___ Oslo.	single	4		1811
17517	Velg hilsenen som betyr 'hello'.	single	5		1811
17518	Han ___ norsk hver dag.	single	6		1811
17519	Jeg heter Anna. ___ heter du?	single	7		1811
17520	Velg riktig artikkel: ___ stol	single	8		1811
17521	Hvilket ord passer? 'Jeg liker ___ bl├е jakken.'	single	9		1811
17522	___ g├еr det?	single	10		1811
17523	Jeg ___ kaffe hver morgen.	single	1		1812
17524	Hvor mange __ du?	single	2		1812
17525	Vi ___ p├е kino i kveld.	single	3		1812
17526	Hun bor ___ Oslo.	single	4		1812
17527	Velg hilsenen som betyr 'hello'.	single	5		1812
17528	Han ___ norsk hver dag.	single	6		1812
17529	Jeg heter Anna. ___ heter du?	single	7		1812
17530	Velg riktig artikkel: ___ stol	single	8		1812
17531	Hvilket ord passer? 'Jeg liker ___ bl├е jakken.'	single	9		1812
17532	___ g├еr det?	single	10		1812
17533	Jeg ___ kaffe hver morgen.	single	1		1813
17534	Hvor mange __ du?	single	2		1813
17535	Vi ___ p├е kino i kveld.	single	3		1813
17536	Hun bor ___ Oslo.	single	4		1813
17537	Velg hilsenen som betyr 'hello'.	single	5		1813
17538	Han ___ norsk hver dag.	single	6		1813
17539	Jeg heter Anna. ___ heter du?	single	7		1813
17540	Velg riktig artikkel: ___ stol	single	8		1813
17541	Hvilket ord passer? 'Jeg liker ___ bl├е jakken.'	single	9		1813
17542	___ g├еr det?	single	10		1813
17543	Jeg ___ kaffe hver morgen.	single	1		1814
17544	Hvor mange __ du?	single	2		1814
17545	Vi ___ p├е kino i kveld.	single	3		1814
17546	Hun bor ___ Oslo.	single	4		1814
17547	Velg hilsenen som betyr 'hello'.	single	5		1814
17548	Han ___ norsk hver dag.	single	6		1814
17549	Jeg heter Anna. ___ heter du?	single	7		1814
17550	Velg riktig artikkel: ___ stol	single	8		1814
17551	Hvilket ord passer? 'Jeg liker ___ bl├е jakken.'	single	9		1814
17552	___ g├еr det?	single	10		1814
17553	Han er syk, s├е han ___ hjemme i dag.	single	1		1815
17554	Vi har ikke tid, ___ vi m├е g├е n├е.	single	2		1815
17555	Boken ligger ___ bordet.	single	3		1815
17556	Jeg har bodd her ___ to ├еr.	single	4		1815
17557	Hvilket verb passer? 'De ___ ├е reise til Bergen.'	single	5		1815
17558	Du m├е ___ mer norsk for ├е bli bedre.	single	6		1815
17559	Hun pleier ___ ta bussen.	single	7		1815
17560	Hvilken form er riktig? 'Et ___ hus'	single	8		1815
17561	Setningen: 'Jeg har spist middag' er i ___	single	9		1815
17562	Velg riktig alternativ: 'Kan du hjelpe meg, ___?'	single	10		1815
17563	Han er syk, s├е han ___ hjemme i dag.	single	1		1816
17564	Vi har ikke tid, ___ vi m├е g├е n├е.	single	2		1816
17565	Boken ligger ___ bordet.	single	3		1816
17566	Jeg har bodd her ___ to ├еr.	single	4		1816
17567	Hvilket verb passer? 'De ___ ├е reise til Bergen.'	single	5		1816
17568	Du m├е ___ mer norsk for ├е bli bedre.	single	6		1816
17569	Hun pleier ___ ta bussen.	single	7		1816
17570	Hvilken form er riktig? 'Et ___ hus'	single	8		1816
17571	Setningen: 'Jeg har spist middag' er i ___	single	9		1816
17572	Velg riktig alternativ: 'Kan du hjelpe meg, ___?'	single	10		1816
17573	Han er syk, s├е han ___ hjemme i dag.	single	1		1817
17574	Vi har ikke tid, ___ vi m├е g├е n├е.	single	2		1817
17575	Boken ligger ___ bordet.	single	3		1817
17576	Jeg har bodd her ___ to ├еr.	single	4		1817
17577	Hvilket verb passer? 'De ___ ├е reise til Bergen.'	single	5		1817
17578	Du m├е ___ mer norsk for ├е bli bedre.	single	6		1817
17579	Hun pleier ___ ta bussen.	single	7		1817
17580	Hvilken form er riktig? 'Et ___ hus'	single	8		1817
17581	Setningen: 'Jeg har spist middag' er i ___	single	9		1817
17582	Velg riktig alternativ: 'Kan du hjelpe meg, ___?'	single	10		1817
17583	Han er syk, s├е han ___ hjemme i dag.	single	1		1818
17584	Vi har ikke tid, ___ vi m├е g├е n├е.	single	2		1818
17585	Boken ligger ___ bordet.	single	3		1818
17586	Jeg har bodd her ___ to ├еr.	single	4		1818
17587	Hvilket verb passer? 'De ___ ├е reise til Bergen.'	single	5		1818
17588	Du m├е ___ mer norsk for ├е bli bedre.	single	6		1818
17589	Hun pleier ___ ta bussen.	single	7		1818
17590	Hvilken form er riktig? 'Et ___ hus'	single	8		1818
17591	Setningen: 'Jeg har spist middag' er i ___	single	9		1818
17592	Velg riktig alternativ: 'Kan du hjelpe meg, ___?'	single	10		1818
17593	Han er syk, s├е han ___ hjemme i dag.	single	1		1819
17594	Vi har ikke tid, ___ vi m├е g├е n├е.	single	2		1819
17595	Boken ligger ___ bordet.	single	3		1819
17596	Jeg har bodd her ___ to ├еr.	single	4		1819
17597	Hvilket verb passer? 'De ___ ├е reise til Bergen.'	single	5		1819
17598	Du m├е ___ mer norsk for ├е bli bedre.	single	6		1819
17599	Hun pleier ___ ta bussen.	single	7		1819
17600	Hvilken form er riktig? 'Et ___ hus'	single	8		1819
17601	Setningen: 'Jeg har spist middag' er i ___	single	9		1819
17602	Velg riktig alternativ: 'Kan du hjelpe meg, ___?'	single	10		1819
17603	Han er syk, s├е han ___ hjemme i dag.	single	1		1820
17604	Vi har ikke tid, ___ vi m├е g├е n├е.	single	2		1820
17605	Boken ligger ___ bordet.	single	3		1820
17606	Jeg har bodd her ___ to ├еr.	single	4		1820
17607	Hvilket verb passer? 'De ___ ├е reise til Bergen.'	single	5		1820
17608	Du m├е ___ mer norsk for ├е bli bedre.	single	6		1820
17609	Hun pleier ___ ta bussen.	single	7		1820
17610	Hvilken form er riktig? 'Et ___ hus'	single	8		1820
17611	Setningen: 'Jeg har spist middag' er i ___	single	9		1820
17612	Velg riktig alternativ: 'Kan du hjelpe meg, ___?'	single	10		1820
17613	Han er syk, s├е han ___ hjemme i dag.	single	1		1821
17614	Vi har ikke tid, ___ vi m├е g├е n├е.	single	2		1821
17615	Boken ligger ___ bordet.	single	3		1821
17616	Jeg har bodd her ___ to ├еr.	single	4		1821
17617	Hvilket verb passer? 'De ___ ├е reise til Bergen.'	single	5		1821
17618	Du m├е ___ mer norsk for ├е bli bedre.	single	6		1821
17619	Hun pleier ___ ta bussen.	single	7		1821
17620	Hvilken form er riktig? 'Et ___ hus'	single	8		1821
17621	Setningen: 'Jeg har spist middag' er i ___	single	9		1821
17622	Velg riktig alternativ: 'Kan du hjelpe meg, ___?'	single	10		1821
17623	Han er syk, s├е han ___ hjemme i dag.	single	1		1822
17624	Vi har ikke tid, ___ vi m├е g├е n├е.	single	2		1822
17625	Boken ligger ___ bordet.	single	3		1822
17626	Jeg har bodd her ___ to ├еr.	single	4		1822
17627	Hvilket verb passer? 'De ___ ├е reise til Bergen.'	single	5		1822
17628	Du m├е ___ mer norsk for ├е bli bedre.	single	6		1822
17629	Hun pleier ___ ta bussen.	single	7		1822
17630	Hvilken form er riktig? 'Et ___ hus'	single	8		1822
17631	Setningen: 'Jeg har spist middag' er i ___	single	9		1822
17632	Velg riktig alternativ: 'Kan du hjelpe meg, ___?'	single	10		1822
17633	Han er syk, s├е han ___ hjemme i dag.	single	1		1823
17634	Vi har ikke tid, ___ vi m├е g├е n├е.	single	2		1823
17635	Boken ligger ___ bordet.	single	3		1823
17636	Jeg har bodd her ___ to ├еr.	single	4		1823
17637	Hvilket verb passer? 'De ___ ├е reise til Bergen.'	single	5		1823
17638	Du m├е ___ mer norsk for ├е bli bedre.	single	6		1823
17639	Hun pleier ___ ta bussen.	single	7		1823
17640	Hvilken form er riktig? 'Et ___ hus'	single	8		1823
17641	Setningen: 'Jeg har spist middag' er i ___	single	9		1823
17642	Velg riktig alternativ: 'Kan du hjelpe meg, ___?'	single	10		1823
17643	Han er syk, s├е han ___ hjemme i dag.	single	1		1824
17644	Vi har ikke tid, ___ vi m├е g├е n├е.	single	2		1824
17645	Boken ligger ___ bordet.	single	3		1824
17646	Jeg har bodd her ___ to ├еr.	single	4		1824
17647	Hvilket verb passer? 'De ___ ├е reise til Bergen.'	single	5		1824
17648	Du m├е ___ mer norsk for ├е bli bedre.	single	6		1824
17649	Hun pleier ___ ta bussen.	single	7		1824
17650	Hvilken form er riktig? 'Et ___ hus'	single	8		1824
17651	Setningen: 'Jeg har spist middag' er i ___	single	9		1824
17652	Velg riktig alternativ: 'Kan du hjelpe meg, ___?'	single	10		1824
17653	Hvis det ___ sol i morgen, drar vi p├е tur.	single	1		1825
17654	Jeg ___ ikke hvorfor han ikke kom.	single	2		1825
17655	Hun sa at hun ___ komme litt senere.	single	3		1825
17656	De ___ ferdig med prosjektet f├╕r tidsfristen.	single	4		1825
17657	Setningen 'Jeg skulle ├╕nske jeg hadde mer tid' uttrykker ___	single	5		1825
17658	Hvilket ord passer? 'Han tok ansvar ___ ├е rydde opp.'	single	6		1825
17659	Hva betyr '├е st├е p├е som vanlig'?	single	7		1825
17660	Velg riktig ordstilling: ' ___ jeg reiste til Norge, l├жrte jeg litt spr├еk.'	single	8		1825
17661	'Han er kjent for ├е v├жre punktlig' betyr ___	single	9		1825
17662	Velg riktig preposisjon: 'Vi er stolte ___ dere.'	single	10		1825
17663	Hvis det ___ sol i morgen, drar vi p├е tur.	single	1		1826
17664	Jeg ___ ikke hvorfor han ikke kom.	single	2		1826
17665	Hun sa at hun ___ komme litt senere.	single	3		1826
17666	De ___ ferdig med prosjektet f├╕r tidsfristen.	single	4		1826
17667	Setningen 'Jeg skulle ├╕nske jeg hadde mer tid' uttrykker ___	single	5		1826
17668	Hvilket ord passer? 'Han tok ansvar ___ ├е rydde opp.'	single	6		1826
17669	Hva betyr '├е st├е p├е som vanlig'?	single	7		1826
17670	Velg riktig ordstilling: ' ___ jeg reiste til Norge, l├жrte jeg litt spr├еk.'	single	8		1826
17671	'Han er kjent for ├е v├жre punktlig' betyr ___	single	9		1826
17672	Velg riktig preposisjon: 'Vi er stolte ___ dere.'	single	10		1826
17673	Hvis det ___ sol i morgen, drar vi p├е tur.	single	1		1827
17674	Jeg ___ ikke hvorfor han ikke kom.	single	2		1827
17675	Hun sa at hun ___ komme litt senere.	single	3		1827
17676	De ___ ferdig med prosjektet f├╕r tidsfristen.	single	4		1827
17677	Setningen 'Jeg skulle ├╕nske jeg hadde mer tid' uttrykker ___	single	5		1827
17678	Hvilket ord passer? 'Han tok ansvar ___ ├е rydde opp.'	single	6		1827
17679	Hva betyr '├е st├е p├е som vanlig'?	single	7		1827
17680	Velg riktig ordstilling: ' ___ jeg reiste til Norge, l├жrte jeg litt spr├еk.'	single	8		1827
17681	'Han er kjent for ├е v├жre punktlig' betyr ___	single	9		1827
17682	Velg riktig preposisjon: 'Vi er stolte ___ dere.'	single	10		1827
17683	Hvis det ___ sol i morgen, drar vi p├е tur.	single	1		1828
17684	Jeg ___ ikke hvorfor han ikke kom.	single	2		1828
17685	Hun sa at hun ___ komme litt senere.	single	3		1828
17686	De ___ ferdig med prosjektet f├╕r tidsfristen.	single	4		1828
17687	Setningen 'Jeg skulle ├╕nske jeg hadde mer tid' uttrykker ___	single	5		1828
17688	Hvilket ord passer? 'Han tok ansvar ___ ├е rydde opp.'	single	6		1828
17689	Hva betyr '├е st├е p├е som vanlig'?	single	7		1828
17690	Velg riktig ordstilling: ' ___ jeg reiste til Norge, l├жrte jeg litt spr├еk.'	single	8		1828
17691	'Han er kjent for ├е v├жre punktlig' betyr ___	single	9		1828
17692	Velg riktig preposisjon: 'Vi er stolte ___ dere.'	single	10		1828
17693	Hvis det ___ sol i morgen, drar vi p├е tur.	single	1		1829
17694	Jeg ___ ikke hvorfor han ikke kom.	single	2		1829
17695	Hun sa at hun ___ komme litt senere.	single	3		1829
17696	De ___ ferdig med prosjektet f├╕r tidsfristen.	single	4		1829
17697	Setningen 'Jeg skulle ├╕nske jeg hadde mer tid' uttrykker ___	single	5		1829
17698	Hvilket ord passer? 'Han tok ansvar ___ ├е rydde opp.'	single	6		1829
17699	Hva betyr '├е st├е p├е som vanlig'?	single	7		1829
17700	Velg riktig ordstilling: ' ___ jeg reiste til Norge, l├жrte jeg litt spr├еk.'	single	8		1829
17701	'Han er kjent for ├е v├жre punktlig' betyr ___	single	9		1829
17702	Velg riktig preposisjon: 'Vi er stolte ___ dere.'	single	10		1829
17703	Hvis det ___ sol i morgen, drar vi p├е tur.	single	1		1830
17704	Jeg ___ ikke hvorfor han ikke kom.	single	2		1830
17705	Hun sa at hun ___ komme litt senere.	single	3		1830
17706	De ___ ferdig med prosjektet f├╕r tidsfristen.	single	4		1830
17707	Setningen 'Jeg skulle ├╕nske jeg hadde mer tid' uttrykker ___	single	5		1830
17708	Hvilket ord passer? 'Han tok ansvar ___ ├е rydde opp.'	single	6		1830
17709	Hva betyr '├е st├е p├е som vanlig'?	single	7		1830
17710	Velg riktig ordstilling: ' ___ jeg reiste til Norge, l├жrte jeg litt spr├еk.'	single	8		1830
17711	'Han er kjent for ├е v├жre punktlig' betyr ___	single	9		1830
17712	Velg riktig preposisjon: 'Vi er stolte ___ dere.'	single	10		1830
17713	Hvis det ___ sol i morgen, drar vi p├е tur.	single	1		1831
17714	Jeg ___ ikke hvorfor han ikke kom.	single	2		1831
17715	Hun sa at hun ___ komme litt senere.	single	3		1831
17716	De ___ ferdig med prosjektet f├╕r tidsfristen.	single	4		1831
17717	Setningen 'Jeg skulle ├╕nske jeg hadde mer tid' uttrykker ___	single	5		1831
17718	Hvilket ord passer? 'Han tok ansvar ___ ├е rydde opp.'	single	6		1831
17719	Hva betyr '├е st├е p├е som vanlig'?	single	7		1831
17720	Velg riktig ordstilling: ' ___ jeg reiste til Norge, l├жrte jeg litt spr├еk.'	single	8		1831
17721	'Han er kjent for ├е v├жre punktlig' betyr ___	single	9		1831
17722	Velg riktig preposisjon: 'Vi er stolte ___ dere.'	single	10		1831
17723	Hvis det ___ sol i morgen, drar vi p├е tur.	single	1		1832
17724	Jeg ___ ikke hvorfor han ikke kom.	single	2		1832
17725	Hun sa at hun ___ komme litt senere.	single	3		1832
17726	De ___ ferdig med prosjektet f├╕r tidsfristen.	single	4		1832
17727	Setningen 'Jeg skulle ├╕nske jeg hadde mer tid' uttrykker ___	single	5		1832
17728	Hvilket ord passer? 'Han tok ansvar ___ ├е rydde opp.'	single	6		1832
17729	Hva betyr '├е st├е p├е som vanlig'?	single	7		1832
17730	Velg riktig ordstilling: ' ___ jeg reiste til Norge, l├жrte jeg litt spr├еk.'	single	8		1832
17731	'Han er kjent for ├е v├жre punktlig' betyr ___	single	9		1832
17732	Velg riktig preposisjon: 'Vi er stolte ___ dere.'	single	10		1832
17733	Hvis det ___ sol i morgen, drar vi p├е tur.	single	1		1833
17734	Jeg ___ ikke hvorfor han ikke kom.	single	2		1833
17735	Hun sa at hun ___ komme litt senere.	single	3		1833
17736	De ___ ferdig med prosjektet f├╕r tidsfristen.	single	4		1833
17737	Setningen 'Jeg skulle ├╕nske jeg hadde mer tid' uttrykker ___	single	5		1833
17738	Hvilket ord passer? 'Han tok ansvar ___ ├е rydde opp.'	single	6		1833
17739	Hva betyr '├е st├е p├е som vanlig'?	single	7		1833
17740	Velg riktig ordstilling: ' ___ jeg reiste til Norge, l├жrte jeg litt spr├еk.'	single	8		1833
17741	'Han er kjent for ├е v├жre punktlig' betyr ___	single	9		1833
17742	Velg riktig preposisjon: 'Vi er stolte ___ dere.'	single	10		1833
17743	Hvis det ___ sol i morgen, drar vi p├е tur.	single	1		1834
17744	Jeg ___ ikke hvorfor han ikke kom.	single	2		1834
17745	Hun sa at hun ___ komme litt senere.	single	3		1834
17746	De ___ ferdig med prosjektet f├╕r tidsfristen.	single	4		1834
17747	Setningen 'Jeg skulle ├╕nske jeg hadde mer tid' uttrykker ___	single	5		1834
17748	Hvilket ord passer? 'Han tok ansvar ___ ├е rydde opp.'	single	6		1834
17749	Hva betyr '├е st├е p├е som vanlig'?	single	7		1834
17750	Velg riktig ordstilling: ' ___ jeg reiste til Norge, l├жrte jeg litt spr├еk.'	single	8		1834
17751	'Han er kjent for ├е v├жre punktlig' betyr ___	single	9		1834
17752	Velg riktig preposisjon: 'Vi er stolte ___ dere.'	single	10		1834
17753	Han opptr├еdte ___ en erfaren taler.	single	1		1835
17754	'Selv om det regner, drar vi' uttrykker ___	single	2		1835
17755	Hvilket ord passer? 'Det er ingen tvil ___ at han har rett.'	single	3		1835
17756	'├Е sette noe p├е spissen' betyr ___	single	4		1835
17757	Hva er mest naturlig? 'Han slo ___ de andre forslagene.'	single	5		1835
17758	Hvilken omskriving av passiv er riktig? 'Boken ble skrevet av henne.'	single	6		1835
17759	Velg mest idiomatiske: 'Det er p├е h├╕y tid ___ vi starter.'	single	7		1835
17760	Hvilket bindeord passer best? 'Han kom ikke, ___ han var invitert.'	single	8		1835
17761	Hva betyr '├е ha is i magen'?	single	9		1835
17762	'├Е legge alle kortene p├е bordet' betyr ___	single	10		1835
17763	Han opptr├еdte ___ en erfaren taler.	single	1		1836
17764	'Selv om det regner, drar vi' uttrykker ___	single	2		1836
17765	Hvilket ord passer? 'Det er ingen tvil ___ at han har rett.'	single	3		1836
17766	'├Е sette noe p├е spissen' betyr ___	single	4		1836
17767	Hva er mest naturlig? 'Han slo ___ de andre forslagene.'	single	5		1836
17768	Hvilken omskriving av passiv er riktig? 'Boken ble skrevet av henne.'	single	6		1836
17769	Velg mest idiomatiske: 'Det er p├е h├╕y tid ___ vi starter.'	single	7		1836
17770	Hvilket bindeord passer best? 'Han kom ikke, ___ han var invitert.'	single	8		1836
17771	Hva betyr '├е ha is i magen'?	single	9		1836
17772	'├Е legge alle kortene p├е bordet' betyr ___	single	10		1836
17773	Han opptr├еdte ___ en erfaren taler.	single	1		1837
17774	'Selv om det regner, drar vi' uttrykker ___	single	2		1837
17775	Hvilket ord passer? 'Det er ingen tvil ___ at han har rett.'	single	3		1837
17776	'├Е sette noe p├е spissen' betyr ___	single	4		1837
17777	Hva er mest naturlig? 'Han slo ___ de andre forslagene.'	single	5		1837
17778	Hvilken omskriving av passiv er riktig? 'Boken ble skrevet av henne.'	single	6		1837
17779	Velg mest idiomatiske: 'Det er p├е h├╕y tid ___ vi starter.'	single	7		1837
17780	Hvilket bindeord passer best? 'Han kom ikke, ___ han var invitert.'	single	8		1837
17781	Hva betyr '├е ha is i magen'?	single	9		1837
17782	'├Е legge alle kortene p├е bordet' betyr ___	single	10		1837
17783	Han opptr├еdte ___ en erfaren taler.	single	1		1838
17784	'Selv om det regner, drar vi' uttrykker ___	single	2		1838
17785	Hvilket ord passer? 'Det er ingen tvil ___ at han har rett.'	single	3		1838
17786	'├Е sette noe p├е spissen' betyr ___	single	4		1838
17787	Hva er mest naturlig? 'Han slo ___ de andre forslagene.'	single	5		1838
17788	Hvilken omskriving av passiv er riktig? 'Boken ble skrevet av henne.'	single	6		1838
17789	Velg mest idiomatiske: 'Det er p├е h├╕y tid ___ vi starter.'	single	7		1838
17790	Hvilket bindeord passer best? 'Han kom ikke, ___ han var invitert.'	single	8		1838
17791	Hva betyr '├е ha is i magen'?	single	9		1838
17792	'├Е legge alle kortene p├е bordet' betyr ___	single	10		1838
17793	Han opptr├еdte ___ en erfaren taler.	single	1		1839
17794	'Selv om det regner, drar vi' uttrykker ___	single	2		1839
17795	Hvilket ord passer? 'Det er ingen tvil ___ at han har rett.'	single	3		1839
17796	'├Е sette noe p├е spissen' betyr ___	single	4		1839
17797	Hva er mest naturlig? 'Han slo ___ de andre forslagene.'	single	5		1839
17798	Hvilken omskriving av passiv er riktig? 'Boken ble skrevet av henne.'	single	6		1839
17799	Velg mest idiomatiske: 'Det er p├е h├╕y tid ___ vi starter.'	single	7		1839
17800	Hvilket bindeord passer best? 'Han kom ikke, ___ han var invitert.'	single	8		1839
17801	Hva betyr '├е ha is i magen'?	single	9		1839
17802	'├Е legge alle kortene p├е bordet' betyr ___	single	10		1839
17803	Han opptr├еdte ___ en erfaren taler.	single	1		1840
17804	'Selv om det regner, drar vi' uttrykker ___	single	2		1840
17805	Hvilket ord passer? 'Det er ingen tvil ___ at han har rett.'	single	3		1840
17806	'├Е sette noe p├е spissen' betyr ___	single	4		1840
17807	Hva er mest naturlig? 'Han slo ___ de andre forslagene.'	single	5		1840
17808	Hvilken omskriving av passiv er riktig? 'Boken ble skrevet av henne.'	single	6		1840
17809	Velg mest idiomatiske: 'Det er p├е h├╕y tid ___ vi starter.'	single	7		1840
17810	Hvilket bindeord passer best? 'Han kom ikke, ___ han var invitert.'	single	8		1840
17811	Hva betyr '├е ha is i magen'?	single	9		1840
17812	'├Е legge alle kortene p├е bordet' betyr ___	single	10		1840
17813	Han opptr├еdte ___ en erfaren taler.	single	1		1841
17814	'Selv om det regner, drar vi' uttrykker ___	single	2		1841
17815	Hvilket ord passer? 'Det er ingen tvil ___ at han har rett.'	single	3		1841
17816	'├Е sette noe p├е spissen' betyr ___	single	4		1841
17817	Hva er mest naturlig? 'Han slo ___ de andre forslagene.'	single	5		1841
17818	Hvilken omskriving av passiv er riktig? 'Boken ble skrevet av henne.'	single	6		1841
17819	Velg mest idiomatiske: 'Det er p├е h├╕y tid ___ vi starter.'	single	7		1841
17820	Hvilket bindeord passer best? 'Han kom ikke, ___ han var invitert.'	single	8		1841
17821	Hva betyr '├е ha is i magen'?	single	9		1841
17822	'├Е legge alle kortene p├е bordet' betyr ___	single	10		1841
17823	Han opptr├еdte ___ en erfaren taler.	single	1		1842
17824	'Selv om det regner, drar vi' uttrykker ___	single	2		1842
17825	Hvilket ord passer? 'Det er ingen tvil ___ at han har rett.'	single	3		1842
17826	'├Е sette noe p├е spissen' betyr ___	single	4		1842
17827	Hva er mest naturlig? 'Han slo ___ de andre forslagene.'	single	5		1842
17828	Hvilken omskriving av passiv er riktig? 'Boken ble skrevet av henne.'	single	6		1842
17829	Velg mest idiomatiske: 'Det er p├е h├╕y tid ___ vi starter.'	single	7		1842
17830	Hvilket bindeord passer best? 'Han kom ikke, ___ han var invitert.'	single	8		1842
17831	Hva betyr '├е ha is i magen'?	single	9		1842
17832	'├Е legge alle kortene p├е bordet' betyr ___	single	10		1842
17833	Han opptr├еdte ___ en erfaren taler.	single	1		1843
17834	'Selv om det regner, drar vi' uttrykker ___	single	2		1843
17835	Hvilket ord passer? 'Det er ingen tvil ___ at han har rett.'	single	3		1843
17836	'├Е sette noe p├е spissen' betyr ___	single	4		1843
17837	Hva er mest naturlig? 'Han slo ___ de andre forslagene.'	single	5		1843
17838	Hvilken omskriving av passiv er riktig? 'Boken ble skrevet av henne.'	single	6		1843
17839	Velg mest idiomatiske: 'Det er p├е h├╕y tid ___ vi starter.'	single	7		1843
17840	Hvilket bindeord passer best? 'Han kom ikke, ___ han var invitert.'	single	8		1843
17841	Hva betyr '├е ha is i magen'?	single	9		1843
17842	'├Е legge alle kortene p├е bordet' betyr ___	single	10		1843
17843	Han opptr├еdte ___ en erfaren taler.	single	1		1844
17844	'Selv om det regner, drar vi' uttrykker ___	single	2		1844
17845	Hvilket ord passer? 'Det er ingen tvil ___ at han har rett.'	single	3		1844
17846	'├Е sette noe p├е spissen' betyr ___	single	4		1844
17847	Hva er mest naturlig? 'Han slo ___ de andre forslagene.'	single	5		1844
17848	Hvilken omskriving av passiv er riktig? 'Boken ble skrevet av henne.'	single	6		1844
17849	Velg mest idiomatiske: 'Det er p├е h├╕y tid ___ vi starter.'	single	7		1844
17850	Hvilket bindeord passer best? 'Han kom ikke, ___ han var invitert.'	single	8		1844
17851	Hva betyr '├е ha is i magen'?	single	9		1844
17852	'├Е legge alle kortene p├е bordet' betyr ___	single	10		1844
\.


--
-- Data for Name: exams_studentprofile; Type: TABLE DATA; Schema: public; Owner: postgres
--

COPY public.exams_studentprofile (id, email, stream, level, allow_stream_change, created_at, updated_at, teacher_id, user_id) FROM stdin;
1	admin	bokmaal	A1	t	2025-11-19 08:06:02.749086+00	2025-11-19 08:06:02.749102+00	\N	\N
\.


--
-- Data for Name: exams_submission; Type: TABLE DATA; Schema: public; Owner: postgres
--

COPY public.exams_submission (id, name, email, score, total_questions, created_at, locale, test_id) FROM stdin;
\.


--
-- Data for Name: exams_test; Type: TABLE DATA; Schema: public; Owner: postgres
--

COPY public.exams_test (id, title, slug, description, level, estimated_minutes, is_published, created_at, updated_at, is_restricted, stream) FROM stdin;
1805	A1 praksis 1	a1-praksis-01	Reelle oppgaver for niv├е A1	A1	12	t	2025-11-21 16:25:26.858445+00	2025-11-21 16:25:26.858467+00	f	bokmaal
1806	A1 praksis 2	a1-praksis-02	Reelle oppgaver for niv├е A1	A1	12	t	2025-11-21 16:25:26.982786+00	2025-11-21 16:25:26.982813+00	f	bokmaal
1807	A1 praksis 3	a1-praksis-03	Reelle oppgaver for niv├е A1	A1	12	t	2025-11-21 16:25:27.102584+00	2025-11-21 16:25:27.10262+00	f	bokmaal
1808	A1 praksis 4	a1-praksis-04	Reelle oppgaver for niv├е A1	A1	12	t	2025-11-21 16:25:27.24003+00	2025-11-21 16:25:27.240047+00	f	bokmaal
1809	A1 praksis 5	a1-praksis-05	Reelle oppgaver for niv├е A1	A1	12	t	2025-11-21 16:25:27.355267+00	2025-11-21 16:25:27.355285+00	f	bokmaal
1810	A1 praksis 6	a1-praksis-06	Reelle oppgaver for niv├е A1	A1	12	t	2025-11-21 16:25:27.480398+00	2025-11-21 16:25:27.480415+00	f	bokmaal
1811	A1 praksis 7	a1-praksis-07	Reelle oppgaver for niv├е A1	A1	12	t	2025-11-21 16:25:27.610254+00	2025-11-21 16:25:27.610271+00	f	bokmaal
1812	A1 praksis 8	a1-praksis-08	Reelle oppgaver for niv├е A1	A1	12	t	2025-11-21 16:25:27.752668+00	2025-11-21 16:25:27.752685+00	f	bokmaal
1813	A1 praksis 9	a1-praksis-09	Reelle oppgaver for niv├е A1	A1	12	t	2025-11-21 16:25:27.887281+00	2025-11-21 16:25:27.887297+00	f	bokmaal
1814	A1 praksis 10	a1-praksis-10	Reelle oppgaver for niv├е A1	A1	12	t	2025-11-21 16:25:28.018655+00	2025-11-21 16:25:28.018673+00	f	bokmaal
1815	A2 praksis 1	a2-praksis-01	Reelle oppgaver for niv├е A2	A2	12	t	2025-11-21 16:25:28.150545+00	2025-11-21 16:25:28.150562+00	f	bokmaal
1816	A2 praksis 2	a2-praksis-02	Reelle oppgaver for niv├е A2	A2	12	t	2025-11-21 16:25:28.284506+00	2025-11-21 16:25:28.284523+00	f	bokmaal
1817	A2 praksis 3	a2-praksis-03	Reelle oppgaver for niv├е A2	A2	12	t	2025-11-21 16:25:28.420314+00	2025-11-21 16:25:28.420339+00	f	bokmaal
1818	A2 praksis 4	a2-praksis-04	Reelle oppgaver for niv├е A2	A2	12	t	2025-11-21 16:25:28.554662+00	2025-11-21 16:25:28.55468+00	f	bokmaal
1819	A2 praksis 5	a2-praksis-05	Reelle oppgaver for niv├е A2	A2	12	t	2025-11-21 16:25:28.68911+00	2025-11-21 16:25:28.689127+00	f	bokmaal
1820	A2 praksis 6	a2-praksis-06	Reelle oppgaver for niv├е A2	A2	12	t	2025-11-21 16:25:28.824992+00	2025-11-21 16:25:28.825015+00	f	bokmaal
1821	A2 praksis 7	a2-praksis-07	Reelle oppgaver for niv├е A2	A2	12	t	2025-11-21 16:25:28.959139+00	2025-11-21 16:25:28.959158+00	f	bokmaal
1822	A2 praksis 8	a2-praksis-08	Reelle oppgaver for niv├е A2	A2	12	t	2025-11-21 16:25:29.086071+00	2025-11-21 16:25:29.086096+00	f	bokmaal
1823	A2 praksis 9	a2-praksis-09	Reelle oppgaver for niv├е A2	A2	12	t	2025-11-21 16:25:29.217595+00	2025-11-21 16:25:29.217613+00	f	bokmaal
1824	A2 praksis 10	a2-praksis-10	Reelle oppgaver for niv├е A2	A2	12	t	2025-11-21 16:25:29.343358+00	2025-11-21 16:25:29.343377+00	f	bokmaal
1825	B1 praksis 1	b1-praksis-01	Reelle oppgaver for niv├е B1	B1	12	t	2025-11-21 16:25:29.463812+00	2025-11-21 16:25:29.463831+00	f	bokmaal
1826	B1 praksis 2	b1-praksis-02	Reelle oppgaver for niv├е B1	B1	12	t	2025-11-21 16:25:29.596003+00	2025-11-21 16:25:29.596022+00	f	bokmaal
1827	B1 praksis 3	b1-praksis-03	Reelle oppgaver for niv├е B1	B1	12	t	2025-11-21 16:25:29.758133+00	2025-11-21 16:25:29.758151+00	f	bokmaal
1828	B1 praksis 4	b1-praksis-04	Reelle oppgaver for niv├е B1	B1	12	t	2025-11-21 16:25:29.901484+00	2025-11-21 16:25:29.901501+00	f	bokmaal
1829	B1 praksis 5	b1-praksis-05	Reelle oppgaver for niv├е B1	B1	12	t	2025-11-21 16:25:30.059458+00	2025-11-21 16:25:30.059475+00	f	bokmaal
1830	B1 praksis 6	b1-praksis-06	Reelle oppgaver for niv├е B1	B1	12	t	2025-11-21 16:25:30.190011+00	2025-11-21 16:25:30.190028+00	f	bokmaal
1831	B1 praksis 7	b1-praksis-07	Reelle oppgaver for niv├е B1	B1	12	t	2025-11-21 16:25:30.32186+00	2025-11-21 16:25:30.321878+00	f	bokmaal
1832	B1 praksis 8	b1-praksis-08	Reelle oppgaver for niv├е B1	B1	12	t	2025-11-21 16:25:30.453786+00	2025-11-21 16:25:30.453806+00	f	bokmaal
1833	B1 praksis 9	b1-praksis-09	Reelle oppgaver for niv├е B1	B1	12	t	2025-11-21 16:25:30.591265+00	2025-11-21 16:25:30.591284+00	f	bokmaal
1834	B1 praksis 10	b1-praksis-10	Reelle oppgaver for niv├е B1	B1	12	t	2025-11-21 16:25:30.712878+00	2025-11-21 16:25:30.712896+00	f	bokmaal
1835	B2 praksis 1	b2-praksis-01	Reelle oppgaver for niv├е B2	B2	12	t	2025-11-21 16:25:30.858293+00	2025-11-21 16:25:30.858311+00	f	bokmaal
1836	B2 praksis 2	b2-praksis-02	Reelle oppgaver for niv├е B2	B2	12	t	2025-11-21 16:25:30.989022+00	2025-11-21 16:25:30.989039+00	f	bokmaal
1837	B2 praksis 3	b2-praksis-03	Reelle oppgaver for niv├е B2	B2	12	t	2025-11-21 16:25:31.123337+00	2025-11-21 16:25:31.123354+00	f	bokmaal
1838	B2 praksis 4	b2-praksis-04	Reelle oppgaver for niv├е B2	B2	12	t	2025-11-21 16:25:31.25265+00	2025-11-21 16:25:31.252684+00	f	bokmaal
1839	B2 praksis 5	b2-praksis-05	Reelle oppgaver for niv├е B2	B2	12	t	2025-11-21 16:25:31.398732+00	2025-11-21 16:25:31.398749+00	f	bokmaal
1840	B2 praksis 6	b2-praksis-06	Reelle oppgaver for niv├е B2	B2	12	t	2025-11-21 16:25:31.526586+00	2025-11-21 16:25:31.526619+00	f	bokmaal
1841	B2 praksis 7	b2-praksis-07	Reelle oppgaver for niv├е B2	B2	12	t	2025-11-21 16:25:31.688815+00	2025-11-21 16:25:31.688856+00	f	bokmaal
1842	B2 praksis 8	b2-praksis-08	Reelle oppgaver for niv├е B2	B2	12	t	2025-11-21 16:25:31.830747+00	2025-11-21 16:25:31.830775+00	f	bokmaal
1843	B2 praksis 9	b2-praksis-09	Reelle oppgaver for niv├е B2	B2	12	t	2025-11-21 16:25:31.994602+00	2025-11-21 16:25:31.994621+00	f	bokmaal
1844	B2 praksis 10	b2-praksis-10	Reelle oppgaver for niv├е B2	B2	12	t	2025-11-21 16:25:32.150648+00	2025-11-21 16:25:32.150683+00	f	bokmaal
\.


--
-- Data for Name: exams_verbentry; Type: TABLE DATA; Schema: public; Owner: postgres
--

COPY public.exams_verbentry (id, verb, stream, infinitive, present, past, perfect, tags, created_at, updated_at, examples_infinitive, examples_present, examples_past, examples_perfect) FROM stdin;
2128	├е arbeide	bokmaal	├е arbeide	arbeider	arbeidet	har arbeidet	["work"]	2025-11-21 16:25:32.296502+00	2025-11-21 16:25:32.29652+00	Det er meningsfullt ├е arbeide fokusert p├е prosjektplanen sammen med laget.	Hun arbeider p├е designkontoret hver fredag.	Vi arbeidet i prosjektrommet i fjor h├╕st.	De har arbeidet med kollegaene siden januar.
2129	├е planlegge	bokmaal	├е planlegge	planlegger	planla	har planlagt	["planning"]	2025-11-21 16:25:32.303845+00	2025-11-21 16:25:32.303864+00	Det er nyttig ├е planlegge for ├е sikre at alt er klart i forkant.	Vi planlegger i kalenderen hver uke.	De planla p├е planleggingsm├╕tet i g├еr.	Teamet har planlagt med sjekklistene siden i fjor.
2130	├е organisere	bokmaal	├е organisere	organiserer	organiserte	har organisert	["planning"]	2025-11-21 16:25:32.307462+00	2025-11-21 16:25:32.307492+00	Det er praktisk ├е organisere fokusert p├е prosjektplanen sammen med laget.	Hun organiserer p├е designkontoret hver fredag.	Vi organiserte i prosjektrommet i fjor h├╕st.	Teamet har organisert med kollegaene siden januar.
2131	├е samarbeide	bokmaal	├е samarbeide	samarbeider	samarbeidet	har samarbeidet	["digital"]	2025-11-21 16:25:32.311457+00	2025-11-21 16:25:32.311482+00	Det er oppmuntrende ├е samarbeide med digitale verkt├╕y for ├е dele ideer.	Vi samarbeider i samarbeidsrommet hver dag.	Klassen samarbeidet via nettm├╕tet i g├еr.	Studentene har samarbeidet p├е plattformen siden lansering.
2132	├е levere	bokmaal	├е levere	leverer	leverte	har levert	["logistics"]	2025-11-21 16:25:32.316715+00	2025-11-21 16:25:32.316742+00	Det er praktisk ├е levere p├е lageret f├╕r reisen starter.	De leverer p├е terminalen hver morgen.	Vi leverte p├е stasjonen i g├еr.	Teamet har levert til kundene siden i h├╕st.
2133	├е analysere	bokmaal	├е analysere	analyserer	analyserte	har analysert	["research"]	2025-11-21 16:25:32.329171+00	2025-11-21 16:25:32.329201+00	Det er meningsfullt ├е analysere i laboratoriet n├еr data skal tolkes.	Han analyserer med funnene hver onsdag.	Vi analyserte p├е feltstudien i fjor.	Instrukt├╕ren har analysert i rapportene siden prosjektstart.
2134	├е unders├╕ke	bokmaal	├е unders├╕ke	unders├╕ker	unders├╕kte	har unders├╕kt	["research"]	2025-11-21 16:25:32.333603+00	2025-11-21 16:25:32.333632+00	Det er inspirerende ├е unders├╕ke i laboratoriet n├еr data skal tolkes.	Hun unders├╕ker med funnene hver onsdag.	De unders├╕kte p├е feltstudien i fjor.	Instrukt├╕ren har unders├╕kt i rapportene siden prosjektstart.
2135	├е dokumentere	bokmaal	├е dokumentere	dokumenterer	dokumenterte	har dokumentert	["research"]	2025-11-21 16:25:32.33838+00	2025-11-21 16:25:32.338405+00	Det er balansert ├е dokumentere i laboratoriet n├еr data skal tolkes.	Vi dokumenterer med funnene hver onsdag.	Hun dokumenterte p├е feltstudien i fjor.	L├жreren har dokumentert i rapportene siden prosjektstart.
2136	├е skrive	bokmaal	├е skrive	skriver	skrev	har skrevet	["library"]	2025-11-21 16:25:32.34208+00	2025-11-21 16:25:32.342097+00	Det er inspirerende ├е skrive i lesegruppa etter middag.	Jeg skriver p├е biblioteket hver kveld.	Vi skrev ved langbordet i g├еr kveld.	Studentene har skrevet med studiegruppa hele semesteret.
2137	├е lese	bokmaal	├е lese	leser	leste	har lest	["library"]	2025-11-21 16:25:32.345443+00	2025-11-21 16:25:32.345459+00	Det er rolig ├е lese i lesegruppa etter middag.	Hun leser p├е biblioteket hver kveld.	Klassen leste ved langbordet i g├еr kveld.	De har lest med studiegruppa hele semesteret.
2138	├е studere	bokmaal	├е studere	studerer	studerte	har studert	["library"]	2025-11-21 16:25:32.348423+00	2025-11-21 16:25:32.348434+00	Det er nyttig ├е studere i lesegruppa etter middag.	Vi studerer p├е biblioteket hver kveld.	De studerte ved langbordet i g├еr kveld.	Studentene har studert med studiegruppa hele semesteret.
2139	├е l├жre	bokmaal	├е l├жre	l├жrer	l├жrte	har l├жrt	["classroom"]	2025-11-21 16:25:32.35115+00	2025-11-21 16:25:32.351161+00	Det er oppmuntrende ├е l├жre for ├е st├╕tte elevene i timen.	De l├жrer i klasserommet hver morgen.	Vi l├жrte under seminaret i g├еr.	Klassen har l├жrt i undervisningen hele ├еret.
2140	├е undervise	bokmaal	├е undervise	underviser	underviste	har undervist	["classroom"]	2025-11-21 16:25:32.353753+00	2025-11-21 16:25:32.353763+00	Det er meningsfullt ├е undervise for ├е st├╕tte elevene i timen.	L├жreren underviser i klasserommet hver morgen.	Han underviste under seminaret i g├еr.	Instrukt├╕ren har undervist i undervisningen hele ├еret.
2141	├е forklare	bokmaal	├е forklare	forklarer	forklarte	har forklart	["classroom"]	2025-11-21 16:25:32.356703+00	2025-11-21 16:25:32.356726+00	Det er praktisk ├е forklare for ├е st├╕tte elevene i timen.	Hun forklarer i klasserommet hver morgen.	Vi forklarte under seminaret i g├еr.	Instrukt├╕ren har forklart i undervisningen hele ├еret.
2142	├е repetere	bokmaal	├е repetere	repeterer	repeterte	har repetert	["classroom"]	2025-11-21 16:25:32.360372+00	2025-11-21 16:25:32.360395+00	Det er trygt ├е repetere for ├е st├╕tte elevene i timen.	Vi repeterer i klasserommet hver morgen.	Klassen repeterte under seminaret i g├еr.	Studentene har repetert i undervisningen hele ├еret.
2143	├е diskutere	bokmaal	├е diskutere	diskuterer	diskuterte	har diskutert	["communication"]	2025-11-21 16:25:32.363712+00	2025-11-21 16:25:32.36373+00	Det er energigivende ├е diskutere for ├е holde kontakten med familien.	Vi diskuterer med teamet hver mandag.	De diskuterte med klassen i g├еr ettermiddag.	Klassen har diskutert med studentene siden skolestart.
2144	├е presentere	bokmaal	├е presentere	presenterer	presenterte	har presentert	["project"]	2025-11-21 16:25:32.366879+00	2025-11-21 16:25:32.366892+00	Det er inspirerende ├е presentere fokusert p├е prosjektplanen sammen med laget.	Teamet presenterer p├е designkontoret hver fredag.	Vi presenterte i prosjektrommet i fjor h├╕st.	Hun har presentert med kollegaene siden januar.
2145	├е m├╕te	bokmaal	├е m├╕te	m├╕ter	m├╕tte	har m├╕tt	["communication"]	2025-11-21 16:25:32.369665+00	2025-11-21 16:25:32.369678+00	Det er balansert ├е m├╕te for ├е holde kontakten med familien.	Hun m├╕ter med teamet hver mandag.	Vi m├╕tte med klassen i g├еr ettermiddag.	Klassen har m├╕tt med studentene siden skolestart.
2146	├е avtale	bokmaal	├е avtale	avtaler	avtalte	har avtalt	["planning"]	2025-11-21 16:25:32.376004+00	2025-11-21 16:25:32.376021+00	Det er trygt ├е avtale for ├е sikre at alt er klart i forkant.	Vi avtaler i kalenderen hver uke.	De avtalte p├е planleggingsm├╕tet i g├еr.	Teamet har avtalt med sjekklistene siden i fjor.
2147	├е hjelpe	bokmaal	├е hjelpe	hjelper	hjalp	har hjulpet	["community"]	2025-11-21 16:25:32.379004+00	2025-11-21 16:25:32.379016+00	Det er meningsfullt ├е hjelpe for nabolaget n├еr noen trenger det.	Jeg hjelper for naboene hver helg.	Vi hjalp p├е kulturhuset i g├еr.	De har hjulpet for frivilligsenteret siden i v├еr.
2148	├е st├╕tte	bokmaal	├е st├╕tte	st├╕tter	st├╕ttet	har st├╕ttet	["community"]	2025-11-21 16:25:32.381714+00	2025-11-21 16:25:32.381728+00	Det er oppmuntrende ├е st├╕tte for nabolaget n├еr noen trenger det.	De st├╕tter for naboene hver helg.	Vi st├╕ttet p├е kulturhuset i g├еr.	Teamet har st├╕ttet for frivilligsenteret siden i v├еr.
2149	├е veilede	bokmaal	├е veilede	veileder	veiledet	har veiledet	["community"]	2025-11-21 16:25:32.384367+00	2025-11-21 16:25:32.384381+00	Det er meningsfullt ├е veilede for nabolaget n├еr noen trenger det.	L├жreren veileder for naboene hver helg.	Vi veiledet p├е kulturhuset i g├еr.	Instrukt├╕ren har veiledet for frivilligsenteret siden i v├еr.
2150	├е dele	bokmaal	├е dele	deler	delte	har delt	["digital"]	2025-11-21 16:25:32.386977+00	2025-11-21 16:25:32.386986+00	Det er kreativt ├е dele med digitale verkt├╕y for ├е dele ideer.	Vi deler i samarbeidsrommet hver dag.	De delte via nettm├╕tet i g├еr.	Teamet har delt p├е plattformen siden lansering.
2151	├е sende	bokmaal	├е sende	sender	sendte	har sendt	["communication"]	2025-11-21 16:25:32.389844+00	2025-11-21 16:25:32.38987+00	Det er praktisk ├е sende med digitale verkt├╕y for ├е dele ideer.	Jeg sender i samarbeidsrommet hver dag.	Vi sendte via nettm├╕tet i g├еr.	De har sendt p├е plattformen siden lansering.
2152	├е ringe	bokmaal	├е ringe	ringer	ringte	har ringt	["communication"]	2025-11-21 16:25:32.393414+00	2025-11-21 16:25:32.393432+00	Det er trygt ├е ringe for ├е holde kontakten med familien.	Hun ringer med teamet hver mandag.	Vi ringte med klassen i g├еr ettermiddag.	De har ringt med studentene siden skolestart.
2153	├е bes├╕ke	bokmaal	├е bes├╕ke	bes├╕ker	bes├╕kte	har bes├╕kt	["culture"]	2025-11-21 16:25:32.396468+00	2025-11-21 16:25:32.396482+00	Det er inspirerende ├е bes├╕ke p├е museet for ├е bli inspirert.	De bes├╕ker p├е utstillingen hver m├еned.	Vi bes├╕kte i teateret i g├еr kveld.	Klassen har bes├╕kt p├е kulturarrangementer i flere ├еr.
2154	├е utforske	bokmaal	├е utforske	utforsker	utforsket	har utforsket	["travel"]	2025-11-21 16:25:32.39958+00	2025-11-21 16:25:32.399595+00	Det er inspirerende ├е utforske langs kysten med klassen.	Vi utforsker til campus med toget hver uke.	De utforsket gjennom fjordene i fjor vinter.	Hun har utforsket med kursdeltakerne mange ganger.
2155	├е oppleve	bokmaal	├е oppleve	opplever	opplevde	har opplevd	["city"]	2025-11-21 16:25:32.40276+00	2025-11-21 16:25:32.402776+00	Det er kreativt ├е oppleve i sentrum for ├е oppleve byen.	Jeg opplever p├е torget hver torsdag.	Vi opplevde i gamlebyen i g├еr.	De har opplevd p├е nye steder hele v├еren.
2156	├е vandre	bokmaal	├е vandre	vandrer	vandret	har vandret	["nature"]	2025-11-21 16:25:32.406232+00	2025-11-21 16:25:32.406259+00	Det er rolig ├е vandre i fjellet med turgruppa.	Hun vandrer langs stien hver s├╕ndag.	Vi vandret over vidda i sommer.	De har vandret p├е nye ruter i flere ├еr.
2157	├е trene	bokmaal	├е trene	trener	trente	har trent	["training"]	2025-11-21 16:25:32.409736+00	2025-11-21 16:25:32.409753+00	Det er energigivende ├е trene p├е banen for ├е holde formen.	Vi trener p├е treningssenteret hver tirsdag.	De trente rundt innsj├╕en i g├еr morges.	Teamet har trent med laget gjennom hele sesongen.
2158	├е l├╕pe	bokmaal	├е l├╕pe	l├╕per	l├╕p	har l├╕pt	["training"]	2025-11-21 16:25:32.412587+00	2025-11-21 16:25:32.412598+00	Det er energigivende ├е l├╕pe p├е banen for ├е holde formen.	De l├╕per p├е treningssenteret hver tirsdag.	Vi l├╕p rundt innsj├╕en i g├еr morges.	Teamet har l├╕pt med laget gjennom hele sesongen.
2159	├е sv├╕mme	bokmaal	├е sv├╕mme	sv├╕mmer	sv├╕mte	har sv├╕mt	["training"]	2025-11-21 16:25:32.415588+00	2025-11-21 16:25:32.415604+00	Det er rolig ├е sv├╕mme p├е banen for ├е holde formen.	Hun sv├╕mmer p├е treningssenteret hver tirsdag.	Vi sv├╕mte rundt innsj├╕en i g├еr morges.	De har sv├╕mt med laget gjennom hele sesongen.
2160	├е ├╕ve	bokmaal	├е ├╕ve	├╕ver	├╕vde	har ├╕vd	["training"]	2025-11-21 16:25:32.418877+00	2025-11-21 16:25:32.418894+00	Det er balansert ├е ├╕ve i atelieret med rolige toner.	Jeg ├╕ver i studioet hver kveld.	Vi ├╕vde til skolekonserten i fjor.	Studentene har ├╕vd i kreative prosjekter hele ├еret.
2161	├е spille	bokmaal	├е spille	spiller	spilte	har spilt	["art"]	2025-11-21 16:25:32.421757+00	2025-11-21 16:25:32.421768+00	Det er kreativt ├е spille i atelieret med rolige toner.	Vi spiller i studioet hver kveld.	De spilte til skolekonserten i fjor.	Klassen har spilt i kreative prosjekter hele ├еret.
2162	├е synge	bokmaal	├е synge	synger	sang	har sunget	["art"]	2025-11-21 16:25:32.424413+00	2025-11-21 16:25:32.424425+00	Det er inspirerende ├е synge i atelieret med rolige toner.	Hun synger i studioet hver kveld.	Klassen sang til skolekonserten i fjor.	De har sunget i kreative prosjekter hele ├еret.
2163	├е tegne	bokmaal	├е tegne	tegner	tegnet	har tegnet	["art"]	2025-11-21 16:25:32.426976+00	2025-11-21 16:25:32.426987+00	Det er kreativt ├е tegne i atelieret med rolige toner.	Jeg tegner i studioet hver kveld.	Vi tegnet til skolekonserten i fjor.	Studentene har tegnet i kreative prosjekter hele ├еret.
2164	├е male	bokmaal	├е male	maler	malte	har malt	["art"]	2025-11-21 16:25:32.429682+00	2025-11-21 16:25:32.429692+00	Det er kreativt ├е male i atelieret med rolige toner.	Hun maler i studioet hver kveld.	Vi malte til skolekonserten i fjor.	De har malt i kreative prosjekter hele ├еret.
2165	├е lage	bokmaal	├е lage	lager	laget	har laget	["kitchen"]	2025-11-21 16:25:32.432732+00	2025-11-21 16:25:32.432758+00	Det er kreativt ├е lage p├е kj├╕kkenet sammen med familien.	Hun lager til lunsj i dag.	Vi laget til h├╕stfesten i g├еr.	Familien har laget til alle samlingene i ├еr.
2166	├е bake	bokmaal	├е bake	baker	bakte	har bakt	["kitchen"]	2025-11-21 16:25:32.435933+00	2025-11-21 16:25:32.435951+00	Det er rolig ├е bake p├е kj├╕kkenet sammen med familien.	Vi baker til lunsj i dag.	De bakte til h├╕stfesten i g├еr.	Familien har bakt til alle samlingene i ├еr.
2167	├е koke	bokmaal	├е koke	koker	kokte	har kokt	["kitchen"]	2025-11-21 16:25:32.443143+00	2025-11-21 16:25:32.443161+00	Det er praktisk ├е koke p├е kj├╕kkenet sammen med familien.	Jeg koker til lunsj i dag.	Vi kokte til h├╕stfesten i g├еr.	De har kokt til alle samlingene i ├еr.
2168	├е rydde	bokmaal	├е rydde	rydder	ryddet	har ryddet	["family"]	2025-11-21 16:25:32.450015+00	2025-11-21 16:25:32.450047+00	Det er trygt ├е rydde med familien etter middag.	Vi rydder med barna hver kveld.	Familien ryddet i stua i g├еr.	De har ryddet som rutine siden nytt├еr.
2169	├е vaske	bokmaal	├е vaske	vasker	vasket	har vasket	["family"]	2025-11-21 16:25:32.453404+00	2025-11-21 16:25:32.453423+00	Det er balansert ├е vaske med familien etter middag.	Hun vasker med barna hver kveld.	Vi vasket i stua i g├еr.	Familien har vasket som rutine siden nytt├еr.
2170	├е hvile	bokmaal	├е hvile	hviler	hvilte	har hvilt	["health"]	2025-11-21 16:25:32.456899+00	2025-11-21 16:25:32.456917+00	Det er rolig ├е hvile i ro etter lange m├╕ter.	Jeg hviler p├е yogamatten hver morgen.	Vi hvilte p├е hytta sist helg.	De har hvilt p├е faste pauser hele m├еneden.
2171	├е sove	bokmaal	├е sove	sover	sov	har sovet	["health"]	2025-11-21 16:25:32.460536+00	2025-11-21 16:25:32.460568+00	Det er trygt ├е sove i ro etter lange m├╕ter.	De sover p├е yogamatten hver morgen.	Vi sov p├е hytta sist helg.	Familien har sovet p├е faste pauser hele m├еneden.
2172	├е v├еkne	bokmaal	├е v├еkne	v├еkner	v├еknet	har v├еknet	["health"]	2025-11-21 16:25:32.467914+00	2025-11-21 16:25:32.467942+00	Det er balansert ├е v├еkne i ro etter lange m├╕ter.	Hun v├еkner p├е yogamatten hver morgen.	Vi v├еknet p├е hytta sist helg.	De har v├еknet p├е faste pauser hele m├еneden.
2173	├е tenke	bokmaal	├е tenke	tenker	tenkte	har tenkt	["digital"]	2025-11-21 16:25:32.471418+00	2025-11-21 16:25:32.471431+00	Det er balansert ├е tenke med digitale verkt├╕y for ├е dele ideer.	Jeg tenker i samarbeidsrommet hver dag.	Vi tenkte via nettm├╕tet i g├еr.	Teamet har tenkt p├е plattformen siden lansering.
2174	├е dr├╕mme	bokmaal	├е dr├╕mme	dr├╕mmer	dr├╕mte	har dr├╕mt	["health"]	2025-11-21 16:25:32.474072+00	2025-11-21 16:25:32.474082+00	Det er kreativt ├е dr├╕mme med podkaster for ├е f├╕lge nyheter.	De dr├╕mmer p├е ├╕reklokkene hver morgen.	Vi dr├╕mte med intervjuet i g├еr.	Hun har dr├╕mt med favorittseriene hele sesongen.
2175	├е bestille	bokmaal	├е bestille	bestiller	bestilte	har bestilt	["service"]	2025-11-21 16:25:32.476762+00	2025-11-21 16:25:32.476772+00	Det er praktisk ├е bestille for ├е sikre at alt er klart i forkant.	Jeg bestiller i kalenderen hver uke.	Vi bestilte p├е planleggingsm├╕tet i g├еr.	Klassen har bestilt med sjekklistene siden i fjor.
2176	├е betale	bokmaal	├е betale	betaler	betalte	har betalt	["service"]	2025-11-21 16:25:32.483304+00	2025-11-21 16:25:32.483323+00	Det er praktisk ├е betale for kunder n├еr sp├╕rsm├еl dukker opp.	De betaler p├е hjelpesenteret hver dag.	Vi betalte for deltakerne i g├еr kveld.	Teamet har betalt med brukerne siden i sommer.
2177	├е hente	bokmaal	├е hente	henter	hentet	har hentet	["logistics"]	2025-11-21 16:25:32.486799+00	2025-11-21 16:25:32.486815+00	Det er nyttig ├е hente p├е lageret f├╕r reisen starter.	Vi henter p├е terminalen hver morgen.	Teamet hentet p├е stasjonen i g├еr.	De har hentet til kundene siden i h├╕st.
2178	├е pakke	bokmaal	├е pakke	pakker	pakket	har pakket	["logistics"]	2025-11-21 16:25:32.490334+00	2025-11-21 16:25:32.490353+00	Det er balansert ├е pakke p├е lageret f├╕r reisen starter.	Vi pakker p├е terminalen hver morgen.	De pakket p├е stasjonen i g├еr.	Teamet har pakket til kundene siden i h├╕st.
2179	├е starte	bokmaal	├е starte	starter	startet	har startet	["project"]	2025-11-21 16:25:32.493617+00	2025-11-21 16:25:32.493629+00	Det er energigivende ├е starte fokusert p├е prosjektplanen sammen med laget.	Teamet starter p├е designkontoret hver fredag.	De startet i prosjektrommet i fjor h├╕st.	Vi har startet med kollegaene siden januar.
2180	├е gjennomf├╕re	bokmaal	├е gjennomf├╕re	gjennomf├╕rer	gjennomf├╕rte	har gjennomf├╕rt	["project"]	2025-11-21 16:25:32.49638+00	2025-11-21 16:25:32.496391+00	Det er praktisk ├е gjennomf├╕re fokusert p├е prosjektplanen sammen med laget.	Vi gjennomf├╕rer p├е designkontoret hver fredag.	Teamet gjennomf├╕rte i prosjektrommet i fjor h├╕st.	Instrukt├╕ren har gjennomf├╕rt med kollegaene siden januar.
2181	├е evaluere	bokmaal	├е evaluere	evaluerer	evaluerte	har evaluert	["research"]	2025-11-21 16:25:32.500276+00	2025-11-21 16:25:32.500295+00	Det er balansert ├е evaluere i laboratoriet n├еr data skal tolkes.	De evaluerer med funnene hver onsdag.	Vi evaluerte p├е feltstudien i fjor.	Teamet har evaluert i rapportene siden prosjektstart.
2182	├е feire	bokmaal	├е feire	feirer	feiret	har feiret	["culture"]	2025-11-21 16:25:32.503751+00	2025-11-21 16:25:32.503773+00	Det er inspirerende ├е feire p├е museet for ├е bli inspirert.	Vi feirer p├е utstillingen hver m├еned.	Familien feiret i teateret i g├еr kveld.	De har feiret p├е kulturarrangementer i flere ├еr.
2183	├е invitere	bokmaal	├е invitere	inviterer	inviterte	har invitert	["community"]	2025-11-21 16:25:32.50707+00	2025-11-21 16:25:32.507087+00	Det er oppmuntrende ├е invitere for nabolaget n├еr noen trenger det.	Hun inviterer for naboene hver helg.	Vi inviterte p├е kulturhuset i g├еr.	De har invitert for frivilligsenteret siden i v├еr.
2184	├е arbeide	nynorsk	├е arbeide	arbeider	arbeidde	har arbeidd	["work"]	2025-11-21 16:25:32.509987+00	2025-11-21 16:25:32.509998+00	Det er meiningsfullt ├е arbeide fokusert p├е prosjektplanen saman med laget.	Ho arbeider p├е designkontoret kvar fredag.	Me arbeidde i prosjektrommet i fjor haust.	Dei har arbeidd med kollegaene sidan januar.
2185	├е planleggje	nynorsk	├е planleggje	planlegg	planla	har planlagt	["planning"]	2025-11-21 16:25:32.512727+00	2025-11-21 16:25:32.512738+00	Det er nyttig ├е planleggje for ├е sikre at alt er klart p├е f├╕rehand.	Me planlegg i kalenderen kvar veke.	Dei planla p├е planleggingsm├╕tet i g├еr.	Laget har planlagt med sjekklistene sidan i fjor.
2186	├е organisere	nynorsk	├е organisere	organiserer	organiserte	har organisert	["planning"]	2025-11-21 16:25:32.515825+00	2025-11-21 16:25:32.515841+00	Det er praktisk ├е organisere fokusert p├е prosjektplanen saman med laget.	Ho organiserer p├е designkontoret kvar fredag.	Me organiserte i prosjektrommet i fjor haust.	Laget har organisert med kollegaene sidan januar.
2187	├е samarbeide	nynorsk	├е samarbeide	samarbeider	samarbeidde	har samarbeidd	["digital"]	2025-11-21 16:25:32.518915+00	2025-11-21 16:25:32.518927+00	Det er oppmuntrande ├е samarbeide med digitale verkt├╕y for ├е dele idear.	Me samarbeider i samarbeidsrommet kvar dag.	Klassa samarbeidde via nettm├╕tet i g├еr.	Studentane har samarbeidd p├е plattforma sidan lansering.
2188	├е levere	nynorsk	├е levere	leverer	leverte	har levert	["logistics"]	2025-11-21 16:25:32.521748+00	2025-11-21 16:25:32.521759+00	Det er praktisk ├е levere p├е lageret f├╕r reisa startar.	Dei leverer p├е terminalen kvar morgon.	Me leverte p├е stasjonen i g├еr.	Laget har levert til kundane sidan i haust.
2189	├е analysere	nynorsk	├е analysere	analyserer	analyserte	har analysert	["research"]	2025-11-21 16:25:32.524484+00	2025-11-21 16:25:32.524494+00	Det er meiningsfullt ├е analysere i laboratoriet n├еr data skal tolkast.	Han analyserer med funna kvar onsdag.	Me analyserte p├е feltstudien i fjor.	Instrukt├╕ren har analysert i rapportane sidan prosjektstart.
2190	├е unders├╕kje	nynorsk	├е unders├╕kje	unders├╕kjer	unders├╕kte	har unders├╕kt	["research"]	2025-11-21 16:25:32.527348+00	2025-11-21 16:25:32.527359+00	Det er inspirerande ├е unders├╕kje i laboratoriet n├еr data skal tolkast.	Ho unders├╕kjer med funna kvar onsdag.	Dei unders├╕kte p├е feltstudien i fjor.	Instrukt├╕ren har unders├╕kt i rapportane sidan prosjektstart.
2191	├е dokumentere	nynorsk	├е dokumentere	dokumenterer	dokumenterte	har dokumentert	["research"]	2025-11-21 16:25:32.530321+00	2025-11-21 16:25:32.530335+00	Det er balansert ├е dokumentere i laboratoriet n├еr data skal tolkast.	Me dokumenterer med funna kvar onsdag.	Ho dokumenterte p├е feltstudien i fjor.	L├жraren har dokumentert i rapportane sidan prosjektstart.
2192	├е skrive	nynorsk	├е skrive	skriv	skreiv	har skrive	["library"]	2025-11-21 16:25:32.533263+00	2025-11-21 16:25:32.533274+00	Det er inspirerande ├е skrive i lesegruppa etter middag.	Eg skriv p├е biblioteket kvar kveld.	Me skreiv ved langbordet i g├еr kveld.	Studentane har skrive med studiegruppa heile semesteret.
2193	├е lese	nynorsk	├е lese	les	las	har lese	["library"]	2025-11-21 16:25:32.535952+00	2025-11-21 16:25:32.535962+00	Det er rolig ├е lese i lesegruppa etter middag.	Ho les p├е biblioteket kvar kveld.	Klassa las ved langbordet i g├еr kveld.	Dei har lese med studiegruppa heile semesteret.
2194	├е studere	nynorsk	├е studere	studerer	studerte	har studert	["library"]	2025-11-21 16:25:32.538615+00	2025-11-21 16:25:32.538626+00	Det er nyttig ├е studere i lesegruppa etter middag.	Me studerer p├е biblioteket kvar kveld.	Dei studerte ved langbordet i g├еr kveld.	Studentane har studert med studiegruppa heile semesteret.
2195	├е l├жre	nynorsk	├е l├жre	l├жrar	l├жrte	har l├жrt	["classroom"]	2025-11-21 16:25:32.541487+00	2025-11-21 16:25:32.541499+00	Det er oppmuntrande ├е l├жre for ├е st├╕tte elevane i timen.	Dei l├жrar i klasserommet kvar morgon.	Me l├жrte under seminaret i g├еr.	Klassa har l├жrt i undervisninga heile ├еret.
2196	├е undervise	nynorsk	├е undervise	underviser	underviste	har undervist	["classroom"]	2025-11-21 16:25:32.544391+00	2025-11-21 16:25:32.544404+00	Det er meiningsfullt ├е undervise for ├е st├╕tte elevane i timen.	L├жraren underviser i klasserommet kvar morgon.	Han underviste under seminaret i g├еr.	Instrukt├╕ren har undervist i undervisninga heile ├еret.
2197	├е forklare	nynorsk	├е forklare	forklarar	forklarte	har forklart	["classroom"]	2025-11-21 16:25:32.547407+00	2025-11-21 16:25:32.54742+00	Det er praktisk ├е forklare for ├е st├╕tte elevane i timen.	Ho forklarar i klasserommet kvar morgon.	Me forklarte under seminaret i g├еr.	Instrukt├╕ren har forklart i undervisninga heile ├еret.
2198	├е repetere	nynorsk	├е repetere	repeterer	repeterte	har repetert	["classroom"]	2025-11-21 16:25:32.55013+00	2025-11-21 16:25:32.550139+00	Det er trygt ├е repetere for ├е st├╕tte elevane i timen.	Me repeterer i klasserommet kvar morgon.	Klassa repeterte under seminaret i g├еr.	Studentane har repetert i undervisninga heile ├еret.
2199	├е diskutere	nynorsk	├е diskutere	diskuterer	diskuterte	har diskutert	["communication"]	2025-11-21 16:25:32.556773+00	2025-11-21 16:25:32.556784+00	Det er energigjevande ├е diskutere for ├е halde kontakten med familien.	Me diskuterer med teamet kvar m├еndag.	Dei diskuterte med klassa i g├еr ettermiddag.	Klassa har diskutert med studentane sidan skulestart.
2200	├е presentere	nynorsk	├е presentere	presenterer	presenterte	har presentert	["project"]	2025-11-21 16:25:32.559575+00	2025-11-21 16:25:32.559587+00	Det er inspirerande ├е presentere fokusert p├е prosjektplanen saman med laget.	Laget presenterer p├е designkontoret kvar fredag.	Me presenterte i prosjektrommet i fjor haust.	Ho har presentert med kollegaene sidan januar.
2201	├е m├╕te	nynorsk	├е m├╕te	m├╕ter	m├╕tte	har m├╕tt	["communication"]	2025-11-21 16:25:32.562253+00	2025-11-21 16:25:32.562263+00	Det er balansert ├е m├╕te for ├е halde kontakten med familien.	Ho m├╕ter med teamet kvar m├еndag.	Me m├╕tte med klassa i g├еr ettermiddag.	Klassa har m├╕tt med studentane sidan skulestart.
2202	├е avtale	nynorsk	├е avtale	avtaler	avtalte	har avtalt	["planning"]	2025-11-21 16:25:32.565109+00	2025-11-21 16:25:32.565121+00	Det er trygt ├е avtale for ├е sikre at alt er klart p├е f├╕rehand.	Me avtaler i kalenderen kvar veke.	Dei avtalte p├е planleggingsm├╕tet i g├еr.	Laget har avtalt med sjekklistene sidan i fjor.
2203	├е hjelpe	nynorsk	├е hjelpe	hjelper	hjelpte	har hjelpt	["community"]	2025-11-21 16:25:32.567868+00	2025-11-21 16:25:32.567879+00	Det er meiningsfullt ├е hjelpe for nabolaget n├еr nokon treng det.	Eg hjelper for naboane kvar helg.	Me hjelpte p├е kulturhuset i g├еr.	Dei har hjelpt for frivilligsenteret sidan i v├еr.
2204	├е st├╕tte	nynorsk	├е st├╕tte	st├╕ttar	st├╕tta	har st├╕tta	["community"]	2025-11-21 16:25:32.574069+00	2025-11-21 16:25:32.574083+00	Det er oppmuntrande ├е st├╕tte for nabolaget n├еr nokon treng det.	Dei st├╕ttar for naboane kvar helg.	Me st├╕tta p├е kulturhuset i g├еr.	Laget har st├╕tta for frivilligsenteret sidan i v├еr.
2205	├е rettleie	nynorsk	├е rettleie	rettleier	rettleidde	har rettleidt	["community"]	2025-11-21 16:25:32.577003+00	2025-11-21 16:25:32.577014+00	Det er meiningsfullt ├е rettleie for nabolaget n├еr nokon treng det.	L├жraren rettleier for naboane kvar helg.	Me rettleidde p├е kulturhuset i g├еr.	Instrukt├╕ren har rettleidt for frivilligsenteret sidan i v├еr.
2206	├е dele	nynorsk	├е dele	delar	delte	har delt	["digital"]	2025-11-21 16:25:32.579749+00	2025-11-21 16:25:32.579759+00	Det er kreativt ├е dele med digitale verkt├╕y for ├е dele idear.	Me delar i samarbeidsrommet kvar dag.	Dei delte via nettm├╕tet i g├еr.	Laget har delt p├е plattforma sidan lansering.
2207	├е sende	nynorsk	├е sende	sender	sendte	har sendt	["communication"]	2025-11-21 16:25:32.58248+00	2025-11-21 16:25:32.58249+00	Det er praktisk ├е sende med digitale verkt├╕y for ├е dele idear.	Eg sender i samarbeidsrommet kvar dag.	Me sendte via nettm├╕tet i g├еr.	Dei har sendt p├е plattforma sidan lansering.
2208	├е ringe	nynorsk	├е ringe	ringar	ringde	har ringt	["communication"]	2025-11-21 16:25:32.585083+00	2025-11-21 16:25:32.585093+00	Det er trygt ├е ringe for ├е halde kontakten med familien.	Ho ringar med teamet kvar m├еndag.	Me ringde med klassa i g├еr ettermiddag.	Dei har ringt med studentane sidan skulestart.
2209	├е bes├╕kje	nynorsk	├е bes├╕kje	bes├╕kjer	bes├╕kte	har bes├╕kt	["culture"]	2025-11-21 16:25:32.587705+00	2025-11-21 16:25:32.587714+00	Det er inspirerande ├е bes├╕kje p├е museet for ├е bli inspirert.	Dei bes├╕kjer p├е utstillinga kvar m├еnad.	Me bes├╕kte i teateret i g├еr kveld.	Klassa har bes├╕kt p├е kulturarrangement i fleire ├еr.
2210	├е utforske	nynorsk	├е utforske	utforskar	utforska	har utforska	["travel"]	2025-11-21 16:25:32.590499+00	2025-11-21 16:25:32.59051+00	Det er inspirerande ├е utforske langs kysten med klassa.	Me utforskar til campus med toget kvar veke.	Dei utforska gjennom fjordane i fjor vinter.	Ho har utforska med kursdeltakarane mange gongar.
2211	├е oppleve	nynorsk	├е oppleve	opplever	opplevde	har opplevd	["city"]	2025-11-21 16:25:32.59311+00	2025-11-21 16:25:32.593119+00	Det er kreativt ├е oppleve i sentrum for ├е oppleve byen.	Eg opplever p├е torget kvar torsdag.	Me opplevde i gamlebyen i g├еr.	Dei har opplevd p├е nye stader heile v├еren.
2212	├е vandre	nynorsk	├е vandre	vandrar	vandra	har vandra	["nature"]	2025-11-21 16:25:32.595869+00	2025-11-21 16:25:32.595878+00	Det er rolig ├е vandre i fjellet med turgruppa.	Ho vandrar langs stien kvar sundag.	Me vandra over vidda i sommar.	Dei har vandra p├е nye ruter i fleire ├еr.
2213	├е trene	nynorsk	├е trene	trenar	trena	har trena	["training"]	2025-11-21 16:25:32.602857+00	2025-11-21 16:25:32.60287+00	Det er energigjevande ├е trene p├е bana for ├е halde forma.	Me trenar p├е treningssenteret kvar tysdag.	Dei trena rundt innsj├╕en i g├еr morgon.	Laget har trena med laget gjennom heile sesongen.
2214	├е springe	nynorsk	├е springe	spring	sprang	har sprunge	["training"]	2025-11-21 16:25:32.60989+00	2025-11-21 16:25:32.609905+00	Det er energigjevande ├е springe p├е bana for ├е halde forma.	Dei spring p├е treningssenteret kvar tysdag.	Me sprang rundt innsj├╕en i g├еr morgon.	Laget har sprunge med laget gjennom heile sesongen.
2215	├е symje	nynorsk	├е symje	sym	sumde	har sumt	["training"]	2025-11-21 16:25:32.612767+00	2025-11-21 16:25:32.612777+00	Det er rolig ├е symje p├е bana for ├е halde forma.	Ho sym p├е treningssenteret kvar tysdag.	Me sumde rundt innsj├╕en i g├еr morgon.	Dei har sumt med laget gjennom heile sesongen.
2216	├е ├╕ve	nynorsk	├е ├╕ve	├╕var	├╕vde	har ├╕vd	["training"]	2025-11-21 16:25:32.615478+00	2025-11-21 16:25:32.615489+00	Det er balansert ├е ├╕ve i atelieret med rolege tonar.	Eg ├╕var i studioet kvar kveld.	Me ├╕vde til skulekonserten i fjor.	Studentane har ├╕vd i kreative prosjekt heile ├еret.
2217	├е spele	nynorsk	├е spele	spelar	spelte	har spela	["art"]	2025-11-21 16:25:32.618148+00	2025-11-21 16:25:32.618158+00	Det er kreativt ├е spele i atelieret med rolege tonar.	Me spelar i studioet kvar kveld.	Dei spelte til skulekonserten i fjor.	Klassa har spela i kreative prosjekt heile ├еret.
2218	├е synge	nynorsk	├е synge	syng	song	har sunge	["art"]	2025-11-21 16:25:32.621342+00	2025-11-21 16:25:32.621365+00	Det er inspirerande ├е synge i atelieret med rolege tonar.	Ho syng i studioet kvar kveld.	Klassa song til skulekonserten i fjor.	Dei har sunge i kreative prosjekt heile ├еret.
2219	├е teikne	nynorsk	├е teikne	teiknar	teikna	har teikna	["art"]	2025-11-21 16:25:32.625452+00	2025-11-21 16:25:32.625474+00	Det er kreativt ├е teikne i atelieret med rolege tonar.	Eg teiknar i studioet kvar kveld.	Me teikna til skulekonserten i fjor.	Studentane har teikna i kreative prosjekt heile ├еret.
2220	├е male	nynorsk	├е male	m├еlar	m├еla	har m├еla	["art"]	2025-11-21 16:25:32.629383+00	2025-11-21 16:25:32.629395+00	Det er kreativt ├е male i atelieret med rolege tonar.	Ho m├еlar i studioet kvar kveld.	Me m├еla til skulekonserten i fjor.	Dei har m├еla i kreative prosjekt heile ├еret.
2221	├е lage	nynorsk	├е lage	lagar	laga	har laga	["kitchen"]	2025-11-21 16:25:32.63283+00	2025-11-21 16:25:32.632852+00	Det er kreativt ├е lage p├е kj├╕kenet saman med familien.	Ho lagar til lunsj i dag.	Me laga til haustfesten i g├еr.	Familien har laga til alle samlingane i ├еr.
2222	├е bake	nynorsk	├е bake	bakar	bakte	har baka	["kitchen"]	2025-11-21 16:25:32.636963+00	2025-11-21 16:25:32.636986+00	Det er rolig ├е bake p├е kj├╕kenet saman med familien.	Me bakar til lunsj i dag.	Dei bakte til haustfesten i g├еr.	Familien har baka til alle samlingane i ├еr.
2223	├е koke	nynorsk	├е koke	kokar	kokte	har kokt	["kitchen"]	2025-11-21 16:25:32.640634+00	2025-11-21 16:25:32.640649+00	Det er praktisk ├е koke p├е kj├╕kenet saman med familien.	Eg kokar til lunsj i dag.	Me kokte til haustfesten i g├еr.	Dei har kokt til alle samlingane i ├еr.
2224	├е rydde	nynorsk	├е rydde	ryddar	rydda	har rydda	["family"]	2025-11-21 16:25:32.643751+00	2025-11-21 16:25:32.643765+00	Det er trygt ├е rydde med familien etter middag.	Me ryddar med barna kvar kveld.	Familien rydda i stova i g├еr.	Dei har rydda som rutine sidan nytt├еr.
2225	├е vaske	nynorsk	├е vaske	vaskar	vaska	har vaska	["family"]	2025-11-21 16:25:32.646884+00	2025-11-21 16:25:32.6469+00	Det er balansert ├е vaske med familien etter middag.	Ho vaskar med barna kvar kveld.	Me vaska i stova i g├еr.	Familien har vaska som rutine sidan nytt├еr.
2226	├е kvile	nynorsk	├е kvile	kviler	kvilte	har kvilt	["health"]	2025-11-21 16:25:32.650015+00	2025-11-21 16:25:32.650028+00	Det er rolig ├е kvile i ro etter lange m├╕te.	Eg kviler p├е yogamatta kvar morgon.	Me kvilte p├е hytta sist helg.	Dei har kvilt p├е faste pauser heile m├еnaden.
2227	├е sove	nynorsk	├е sove	s├╕v	sov	har sove	["health"]	2025-11-21 16:25:32.653555+00	2025-11-21 16:25:32.65357+00	Det er trygt ├е sove i ro etter lange m├╕te.	Dei s├╕v p├е yogamatta kvar morgon.	Me sov p├е hytta sist helg.	Familien har sove p├е faste pauser heile m├еnaden.
2228	├е vakne	nynorsk	├е vakne	vaknar	vakna	har vakna	["health"]	2025-11-21 16:25:32.656661+00	2025-11-21 16:25:32.656676+00	Det er balansert ├е vakne i ro etter lange m├╕te.	Ho vaknar p├е yogamatta kvar morgon.	Me vakna p├е hytta sist helg.	Dei har vakna p├е faste pauser heile m├еnaden.
2229	├е tenke	nynorsk	├е tenke	tenkjer	tenkte	har tenkt	["digital"]	2025-11-21 16:25:32.659398+00	2025-11-21 16:25:32.659409+00	Det er balansert ├е tenke med digitale verkt├╕y for ├е dele idear.	Eg tenkjer i samarbeidsrommet kvar dag.	Me tenkte via nettm├╕tet i g├еr.	Laget har tenkt p├е plattforma sidan lansering.
2230	├е dr├╕yme	nynorsk	├е dr├╕yme	dr├╕ymer	dr├╕ymde	har dr├╕ymt	["health"]	2025-11-21 16:25:32.662257+00	2025-11-21 16:25:32.66227+00	Det er kreativt ├е dr├╕yme med podkastar for ├е f├╕lge nyheiter.	Dei dr├╕ymer p├е ├╕yreklokkene kvar morgon.	Me dr├╕ymde med intervjuet i g├еr.	Ho har dr├╕ymt med favorittseriane heile sesongen.
2231	├е bestille	nynorsk	├е bestille	bestiller	bestilte	har bestilt	["service"]	2025-11-21 16:25:32.665399+00	2025-11-21 16:25:32.665415+00	Det er praktisk ├е bestille for ├е sikre at alt er klart p├е f├╕rehand.	Eg bestiller i kalenderen kvar veke.	Me bestilte p├е planleggingsm├╕tet i g├еr.	Klassa har bestilt med sjekklistene sidan i fjor.
2232	├е betale	nynorsk	├е betale	betaler	betalte	har betalt	["service"]	2025-11-21 16:25:32.668459+00	2025-11-21 16:25:32.668471+00	Det er praktisk ├е betale for kundar n├еr sp├╕rsm├еl dukkar opp.	Dei betaler p├е hjelpesenteret kvar dag.	Me betalte for deltakarane i g├еr kveld.	Laget har betalt med brukarane sidan i sommar.
2233	├е hente	nynorsk	├е hente	hentar	henta	har henta	["logistics"]	2025-11-21 16:25:32.671155+00	2025-11-21 16:25:32.671168+00	Det er nyttig ├е hente p├е lageret f├╕r reisa startar.	Me hentar p├е terminalen kvar morgon.	Laget henta p├е stasjonen i g├еr.	Dei har henta til kundane sidan i haust.
2234	├е pakke	nynorsk	├е pakke	pakkar	pakka	har pakka	["logistics"]	2025-11-21 16:25:32.678882+00	2025-11-21 16:25:32.678896+00	Det er balansert ├е pakke p├е lageret f├╕r reisa startar.	Me pakkar p├е terminalen kvar morgon.	Dei pakka p├е stasjonen i g├еr.	Laget har pakka til kundane sidan i haust.
2235	├е starte	nynorsk	├е starte	startar	starta	har starta	["project"]	2025-11-21 16:25:32.682418+00	2025-11-21 16:25:32.682435+00	Det er energigjevande ├е starte fokusert p├е prosjektplanen saman med laget.	Laget startar p├е designkontoret kvar fredag.	Dei starta i prosjektrommet i fjor haust.	Me har starta med kollegaene sidan januar.
2236	├е gjennomf├╕re	nynorsk	├е gjennomf├╕re	gjennomf├╕rer	gjennomf├╕rte	har gjennomf├╕rt	["project"]	2025-11-21 16:25:32.685683+00	2025-11-21 16:25:32.685698+00	Det er praktisk ├е gjennomf├╕re fokusert p├е prosjektplanen saman med laget.	Me gjennomf├╕rer p├е designkontoret kvar fredag.	Laget gjennomf├╕rte i prosjektrommet i fjor haust.	Instrukt├╕ren har gjennomf├╕rt med kollegaene sidan januar.
2237	├е evaluere	nynorsk	├е evaluere	evaluerer	evaluerte	har evaluert	["research"]	2025-11-21 16:25:32.688671+00	2025-11-21 16:25:32.688686+00	Det er balansert ├е evaluere i laboratoriet n├еr data skal tolkast.	Dei evaluerer med funna kvar onsdag.	Me evaluerte p├е feltstudien i fjor.	Laget har evaluert i rapportane sidan prosjektstart.
2238	├е feire	nynorsk	├е feire	feirar	feira	har feira	["culture"]	2025-11-21 16:25:32.691629+00	2025-11-21 16:25:32.691641+00	Det er inspirerande ├е feire p├е museet for ├е bli inspirert.	Me feirar p├е utstillinga kvar m├еnad.	Familien feira i teateret i g├еr kveld.	Dei har feira p├е kulturarrangement i fleire ├еr.
2239	├е invitere	nynorsk	├е invitere	inviterer	inviterte	har invitert	["community"]	2025-11-21 16:25:32.698793+00	2025-11-21 16:25:32.698812+00	Det er oppmuntrande ├е invitere for nabolaget n├еr nokon treng det.	Ho inviterer for naboane kvar helg.	Me inviterte p├е kulturhuset i g├еr.	Dei har invitert for frivilligsenteret sidan i v├еr.
2240	to work	english	to work	work / works	worked	have worked / has worked	["work"]	2025-11-21 16:25:32.702221+00	2025-11-21 16:25:32.702239+00	It is meaningful to work focused on the project plan with the team.	She works at the design office every Friday.	We worked in the project room last autumn.	They have worked with colleagues since January.
2241	to plan	english	to plan	plan / plans	planned	have planned / has planned	["planning"]	2025-11-21 16:25:32.705753+00	2025-11-21 16:25:32.70577+00	It is useful to plan to make sure everything is ready ahead of time.	We plan in the calendar every week.	They planned at the planning meeting yesterday.	The team has planned with the checklists since last year.
2242	to organize	english	to organize	organize / organizes	organized	have organized / has organized	["planning"]	2025-11-21 16:25:32.708775+00	2025-11-21 16:25:32.708786+00	It is practical to organize focused on the project plan with the team.	She organizes at the design office every Friday.	We organized in the project room last autumn.	The team has organized with colleagues since January.
2243	to collaborate	english	to collaborate	collaborate / collaborates	collaborated	have collaborated / has collaborated	["digital"]	2025-11-21 16:25:32.711878+00	2025-11-21 16:25:32.711896+00	It is encouraging to collaborate with digital tools to share ideas.	We collaborate in the collaboration room every day.	The class collaborated during the online meeting yesterday.	The students have collaborated on the platform since launch.
2244	to deliver	english	to deliver	deliver / delivers	delivered	have delivered / has delivered	["logistics"]	2025-11-21 16:25:32.715323+00	2025-11-21 16:25:32.715342+00	It is practical to deliver at the warehouse before the trip begins.	They deliver at the terminal every morning.	We delivered at the station yesterday.	The team has delivered to the customers since autumn.
2245	to analyze	english	to analyze	analyze / analyzes	analyzed	have analyzed / has analyzed	["research"]	2025-11-21 16:25:32.718589+00	2025-11-21 16:25:32.718606+00	It is meaningful to analyze in the lab when data must be interpreted.	He analyzes with the findings every Wednesday.	We analyzed during the field study last year.	The instructor has analyzed in the reports since the project began.
2246	to investigate	english	to investigate	investigate / investigates	investigated	have investigated / has investigated	["research"]	2025-11-21 16:25:32.721842+00	2025-11-21 16:25:32.721858+00	It is inspiring to investigate in the lab when data must be interpreted.	She investigates with the findings every Wednesday.	They investigated during the field study last year.	The instructor has investigated in the reports since the project began.
2247	to document	english	to document	document / documents	documented	have documented / has documented	["research"]	2025-11-21 16:25:32.724916+00	2025-11-21 16:25:32.724927+00	It is balanced to document in the lab when data must be interpreted.	We document with the findings every Wednesday.	She documented during the field study last year.	The teacher has documented in the reports since the project began.
2248	to write	english	to write	write / writes	wrote	have written / has written	["library"]	2025-11-21 16:25:32.727869+00	2025-11-21 16:25:32.727882+00	It is inspiring to write in the reading group after dinner.	I write at the library every evening.	We wrote at the long table last night.	The students have written with the study group all semester.
2249	to read	english	to read	read / reads	read	have read / has read	["library"]	2025-11-21 16:25:32.736103+00	2025-11-21 16:25:32.736124+00	It is calming to read in the reading group after dinner.	She reads at the library every evening.	The class read at the long table last night.	They have read with the study group all semester.
2250	to study	english	to study	study / studies	studied	have studied / has studied	["library"]	2025-11-21 16:25:32.739386+00	2025-11-21 16:25:32.739401+00	It is useful to study in the reading group after dinner.	We study at the library every evening.	They studied at the long table last night.	The students have studied with the study group all semester.
2251	to learn	english	to learn	learn / learns	learned	have learned / has learned	["classroom"]	2025-11-21 16:25:32.742369+00	2025-11-21 16:25:32.74238+00	It is encouraging to learn to support the students during class.	They learn in the classroom every morning.	We learned during the seminar yesterday.	The class have learned in the teaching all year.
2252	to teach	english	to teach	teach / teaches	taught	have taught / has taught	["classroom"]	2025-11-21 16:25:32.745146+00	2025-11-21 16:25:32.745161+00	It is meaningful to teach to support the students during class.	The teacher teaches in the classroom every morning.	He taught during the seminar yesterday.	The instructor has taught in the teaching all year.
2253	to explain	english	to explain	explain / explains	explained	have explained / has explained	["classroom"]	2025-11-21 16:25:32.748343+00	2025-11-21 16:25:32.748359+00	It is practical to explain to support the students during class.	She explains in the classroom every morning.	We explained during the seminar yesterday.	The instructor has explained in the teaching all year.
2254	to review	english	to review	review / reviews	reviewed	have reviewed / has reviewed	["classroom"]	2025-11-21 16:25:32.751426+00	2025-11-21 16:25:32.751443+00	It is safe to review to support the students during class.	We review in the classroom every morning.	The class reviewed during the seminar yesterday.	The students have reviewed in the teaching all year.
2255	to discuss	english	to discuss	discuss / discusses	discussed	have discussed / has discussed	["communication"]	2025-11-21 16:25:32.758059+00	2025-11-21 16:25:32.758075+00	It is energizing to discuss to stay in touch with the family.	We discuss with the team every Monday.	They discussed with the class yesterday afternoon.	The class have discussed with the students since school started.
2256	to present	english	to present	present / presents	presented	have presented / has presented	["project"]	2025-11-21 16:25:32.761327+00	2025-11-21 16:25:32.761344+00	It is inspiring to present focused on the project plan with the team.	The team presents at the design office every Friday.	We presented in the project room last autumn.	She has presented with colleagues since January.
2257	to meet	english	to meet	meet / meets	met	have met / has met	["communication"]	2025-11-21 16:25:32.764868+00	2025-11-21 16:25:32.764894+00	It is balanced to meet to stay in touch with the family.	She meets with the team every Monday.	We met with the class yesterday afternoon.	The class have met with the students since school started.
2258	to schedule	english	to schedule	schedule / schedules	scheduled	have scheduled / has scheduled	["planning"]	2025-11-21 16:25:32.768163+00	2025-11-21 16:25:32.768178+00	It is safe to schedule to make sure everything is ready ahead of time.	We schedule in the calendar every week.	They scheduled at the planning meeting yesterday.	The team has scheduled with the checklists since last year.
2259	to help	english	to help	help / helps	helped	have helped / has helped	["community"]	2025-11-21 16:25:32.77121+00	2025-11-21 16:25:32.771222+00	It is meaningful to help for the neighborhood whenever someone needs help.	I help for the neighbours every weekend.	We helped at the community hall yesterday.	They have helped for the volunteer center since spring.
2260	to support	english	to support	support / supports	supported	have supported / has supported	["community"]	2025-11-21 16:25:32.774082+00	2025-11-21 16:25:32.774093+00	It is encouraging to support for the neighborhood whenever someone needs help.	They support for the neighbours every weekend.	We supported at the community hall yesterday.	The team has supported for the volunteer center since spring.
2261	to guide	english	to guide	guide / guides	guided	have guided / has guided	["community"]	2025-11-21 16:25:32.777215+00	2025-11-21 16:25:32.777231+00	It is meaningful to guide for the neighborhood whenever someone needs help.	The teacher guides for the neighbours every weekend.	We guided at the community hall yesterday.	The instructor has guided for the volunteer center since spring.
2262	to share	english	to share	share / shares	shared	have shared / has shared	["digital"]	2025-11-21 16:25:32.780541+00	2025-11-21 16:25:32.780557+00	It is creative to share with digital tools to share ideas.	We share in the collaboration room every day.	They shared during the online meeting yesterday.	The team has shared on the platform since launch.
2263	to send	english	to send	send / sends	sent	have sent / has sent	["communication"]	2025-11-21 16:25:32.783772+00	2025-11-21 16:25:32.783786+00	It is practical to send with digital tools to share ideas.	I send in the collaboration room every day.	We sent during the online meeting yesterday.	They have sent on the platform since launch.
2264	to call	english	to call	call / calls	called	have called / has called	["communication"]	2025-11-21 16:25:32.786625+00	2025-11-21 16:25:32.786637+00	It is safe to call to stay in touch with the family.	She calls with the team every Monday.	We called with the class yesterday afternoon.	They have called with the students since school started.
2265	to visit	english	to visit	visit / visits	visited	have visited / has visited	["culture"]	2025-11-21 16:25:32.789244+00	2025-11-21 16:25:32.789255+00	It is inspiring to visit at the museum to get inspired.	They visit at the exhibition every month.	We visited at the theatre last night.	The class have visited at cultural events for years.
2266	to explore	english	to explore	explore / explores	explored	have explored / has explored	["travel"]	2025-11-21 16:25:32.791993+00	2025-11-21 16:25:32.792011+00	It is inspiring to explore along the coast with the class.	We explore to campus by train every week.	They explored through the fjords last winter.	She has explored with course participants many times.
2267	to experience	english	to experience	experience / experiences	experienced	have experienced / has experienced	["city"]	2025-11-21 16:25:32.807675+00	2025-11-21 16:25:32.807701+00	It is creative to experience downtown to experience the city.	I experience at the square every Thursday.	We experienced in the old town yesterday.	They have experienced in new places all spring.
2268	to wander	english	to wander	wander / wanders	wandered	have wandered / has wandered	["nature"]	2025-11-21 16:25:32.811278+00	2025-11-21 16:25:32.811293+00	It is calming to wander in the mountains with the hiking group.	She wanders along the trail every Sunday.	We wandered across the plateau this summer.	They have wandered on new routes for several years.
2269	to train	english	to train	train / trains	trained	have trained / has trained	["training"]	2025-11-21 16:25:32.814787+00	2025-11-21 16:25:32.814812+00	It is energizing to train on the field to stay in shape.	We train at the gym every Tuesday.	They trained around the lake yesterday morning.	The team has trained with the team throughout the season.
2270	to run	english	to run	run / runs	ran	have run / has run	["training"]	2025-11-21 16:25:32.818021+00	2025-11-21 16:25:32.818034+00	It is energizing to run on the field to stay in shape.	They run at the gym every Tuesday.	We ran around the lake yesterday morning.	The team has run with the team throughout the season.
2271	to swim	english	to swim	swim / swims	swam	have swum / has swum	["training"]	2025-11-21 16:25:32.821463+00	2025-11-21 16:25:32.821479+00	It is calming to swim on the field to stay in shape.	She swims at the gym every Tuesday.	We swam around the lake yesterday morning.	They have swum with the team throughout the season.
2272	to practice	english	to practice	practice / practices	practiced	have practiced / has practiced	["training"]	2025-11-21 16:25:32.825223+00	2025-11-21 16:25:32.825242+00	It is balanced to practice in the studio with calm tones.	I practice in the studio every evening.	We practiced for the school concert last year.	The students have practiced in creative projects all year.
2273	to play	english	to play	play / plays	played	have played / has played	["art"]	2025-11-21 16:25:32.829239+00	2025-11-21 16:25:32.829265+00	It is creative to play in the studio with calm tones.	We play in the studio every evening.	They played for the school concert last year.	The class have played in creative projects all year.
2274	to sing	english	to sing	sing / sings	sang	have sung / has sung	["art"]	2025-11-21 16:25:32.834761+00	2025-11-21 16:25:32.834789+00	It is inspiring to sing in the studio with calm tones.	She sings in the studio every evening.	The class sang for the school concert last year.	They have sung in creative projects all year.
2275	to draw	english	to draw	draw / draws	drew	have drawn / has drawn	["art"]	2025-11-21 16:25:32.841081+00	2025-11-21 16:25:32.84111+00	It is creative to draw in the studio with calm tones.	I draw in the studio every evening.	We drew for the school concert last year.	The students have drawn in creative projects all year.
2276	to paint	english	to paint	paint / paints	painted	have painted / has painted	["art"]	2025-11-21 16:25:32.84831+00	2025-11-21 16:25:32.848336+00	It is creative to paint in the studio with calm tones.	She paints in the studio every evening.	We painted for the school concert last year.	They have painted in creative projects all year.
2277	to make	english	to make	make / makes	made	have made / has made	["kitchen"]	2025-11-21 16:25:32.853404+00	2025-11-21 16:25:32.85343+00	It is creative to make in the kitchen together with the family.	She makes for lunch today.	We made for the autumn party yesterday.	The family has made for every gathering this year.
2278	to bake	english	to bake	bake / bakes	baked	have baked / has baked	["kitchen"]	2025-11-21 16:25:32.860215+00	2025-11-21 16:25:32.860242+00	It is calming to bake in the kitchen together with the family.	We bake for lunch today.	They baked for the autumn party yesterday.	The family has baked for every gathering this year.
2279	to cook	english	to cook	cook / cooks	cooked	have cooked / has cooked	["kitchen"]	2025-11-21 16:25:32.869067+00	2025-11-21 16:25:32.869094+00	It is practical to cook in the kitchen together with the family.	I cook for lunch today.	We cooked for the autumn party yesterday.	They have cooked for every gathering this year.
2280	to tidy	english	to tidy	tidy / tidies	tidied	have tidied / has tidied	["family"]	2025-11-21 16:25:32.87467+00	2025-11-21 16:25:32.874699+00	It is safe to tidy with the family after dinner.	We tidy with the children every evening.	The family tidied in the living room yesterday.	They have tidied as a routine since New Year.
2281	to wash	english	to wash	wash / washes	washed	have washed / has washed	["family"]	2025-11-21 16:25:32.888239+00	2025-11-21 16:25:32.888265+00	It is balanced to wash with the family after dinner.	She washes with the children every evening.	We washed in the living room yesterday.	The family has washed as a routine since New Year.
2282	to rest	english	to rest	rest / rests	rested	have rested / has rested	["health"]	2025-11-21 16:25:32.917642+00	2025-11-21 16:25:32.917662+00	It is calming to rest in calm moments after long meetings.	I rest on the yoga mat every morning.	We rested at the cabin last weekend.	They have rested during scheduled breaks all month.
2283	to sleep	english	to sleep	sleep / sleeps	slept	have slept / has slept	["health"]	2025-11-21 16:25:32.925855+00	2025-11-21 16:25:32.925884+00	It is safe to sleep in calm moments after long meetings.	They sleep on the yoga mat every morning.	We slept at the cabin last weekend.	The family has slept during scheduled breaks all month.
2284	to wake	english	to wake	wake / wakes	woke	have woken / has woken	["health"]	2025-11-21 16:25:32.936484+00	2025-11-21 16:25:32.936513+00	It is balanced to wake in calm moments after long meetings.	She wakes on the yoga mat every morning.	We woke at the cabin last weekend.	They have woken during scheduled breaks all month.
2285	to think	english	to think	think / thinks	thought	have thought / has thought	["digital"]	2025-11-21 16:25:32.942155+00	2025-11-21 16:25:32.942182+00	It is balanced to think with digital tools to share ideas.	I think in the collaboration room every day.	We thought during the online meeting yesterday.	The team has thought on the platform since launch.
2286	to dream	english	to dream	dream / dreams	dreamed	have dreamed / has dreamed	["health"]	2025-11-21 16:25:32.94832+00	2025-11-21 16:25:32.948346+00	It is creative to dream with podcasts to follow the news.	They dream on the headphones every morning.	We dreamed with the interview yesterday.	She has dreamed with favorite series all season.
2287	to book	english	to book	book / books	booked	have booked / has booked	["service"]	2025-11-21 16:25:32.953682+00	2025-11-21 16:25:32.953708+00	It is practical to book to make sure everything is ready ahead of time.	I book in the calendar every week.	We booked at the planning meeting yesterday.	The class have booked with the checklists since last year.
2288	to pay	english	to pay	pay / pays	paid	have paid / has paid	["service"]	2025-11-21 16:25:32.961214+00	2025-11-21 16:25:32.961238+00	It is practical to pay for customers when questions appear.	They pay at the help desk every day.	We paid for the participants last night.	The team has paid with the users since summer.
2289	to pick up	english	to pick up	pick up / picks up	picked up	have picked up / has picked up	["logistics"]	2025-11-21 16:25:32.967664+00	2025-11-21 16:25:32.967691+00	It is useful to pick up at the warehouse before the trip begins.	We pick up at the terminal every morning.	The team picked up at the station yesterday.	They have picked up to the customers since autumn.
2290	to pack	english	to pack	pack / packs	packed	have packed / has packed	["logistics"]	2025-11-21 16:25:32.976042+00	2025-11-21 16:25:32.976073+00	It is balanced to pack at the warehouse before the trip begins.	We pack at the terminal every morning.	They packed at the station yesterday.	The team has packed to the customers since autumn.
2291	to start	english	to start	start / starts	started	have started / has started	["project"]	2025-11-21 16:25:32.986416+00	2025-11-21 16:25:32.986435+00	It is energizing to start focused on the project plan with the team.	The team starts at the design office every Friday.	They started in the project room last autumn.	We have started with colleagues since January.
2292	to complete	english	to complete	complete / completes	completed	have completed / has completed	["project"]	2025-11-21 16:25:32.989658+00	2025-11-21 16:25:32.989674+00	It is practical to complete focused on the project plan with the team.	We complete at the design office every Friday.	The team completed in the project room last autumn.	The instructor has completed with colleagues since January.
2293	to evaluate	english	to evaluate	evaluate / evaluates	evaluated	have evaluated / has evaluated	["research"]	2025-11-21 16:25:32.994113+00	2025-11-21 16:25:32.994139+00	It is balanced to evaluate in the lab when data must be interpreted.	They evaluate with the findings every Wednesday.	We evaluated during the field study last year.	The team has evaluated in the reports since the project began.
2294	to celebrate	english	to celebrate	celebrate / celebrates	celebrated	have celebrated / has celebrated	["culture"]	2025-11-21 16:25:33.00217+00	2025-11-21 16:25:33.002196+00	It is inspiring to celebrate at the museum to get inspired.	We celebrate at the exhibition every month.	The family celebrated at the theatre last night.	They have celebrated at cultural events for years.
2295	to invite	english	to invite	invite / invites	invited	have invited / has invited	["community"]	2025-11-21 16:25:33.009845+00	2025-11-21 16:25:33.009863+00	It is encouraging to invite for the neighborhood whenever someone needs help.	She invites for the neighbours every weekend.	We invited at the community hall yesterday.	They have invited for the volunteer center since spring.
\.


--
-- Name: auth_group_id_seq; Type: SEQUENCE SET; Schema: public; Owner: postgres
--

SELECT pg_catalog.setval('public.auth_group_id_seq', 1, false);


--
-- Name: auth_group_permissions_id_seq; Type: SEQUENCE SET; Schema: public; Owner: postgres
--

SELECT pg_catalog.setval('public.auth_group_permissions_id_seq', 1, false);


--
-- Name: auth_permission_id_seq; Type: SEQUENCE SET; Schema: public; Owner: postgres
--

SELECT pg_catalog.setval('public.auth_permission_id_seq', 76, true);


--
-- Name: auth_user_groups_id_seq; Type: SEQUENCE SET; Schema: public; Owner: postgres
--

SELECT pg_catalog.setval('public.auth_user_groups_id_seq', 1, false);


--
-- Name: auth_user_id_seq; Type: SEQUENCE SET; Schema: public; Owner: postgres
--

SELECT pg_catalog.setval('public.auth_user_id_seq', 2, true);


--
-- Name: auth_user_user_permissions_id_seq; Type: SEQUENCE SET; Schema: public; Owner: postgres
--

SELECT pg_catalog.setval('public.auth_user_user_permissions_id_seq', 48, true);


--
-- Name: django_admin_log_id_seq; Type: SEQUENCE SET; Schema: public; Owner: postgres
--

SELECT pg_catalog.setval('public.django_admin_log_id_seq', 4, true);


--
-- Name: django_content_type_id_seq; Type: SEQUENCE SET; Schema: public; Owner: postgres
--

SELECT pg_catalog.setval('public.django_content_type_id_seq', 19, true);


--
-- Name: django_migrations_id_seq; Type: SEQUENCE SET; Schema: public; Owner: postgres
--

SELECT pg_catalog.setval('public.django_migrations_id_seq', 23, true);


--
-- Name: exams_answer_id_seq; Type: SEQUENCE SET; Schema: public; Owner: postgres
--

SELECT pg_catalog.setval('public.exams_answer_id_seq', 98, true);


--
-- Name: exams_assignment_id_seq; Type: SEQUENCE SET; Schema: public; Owner: postgres
--

SELECT pg_catalog.setval('public.exams_assignment_id_seq', 1, false);


--
-- Name: exams_exercise_id_seq; Type: SEQUENCE SET; Schema: public; Owner: postgres
--

SELECT pg_catalog.setval('public.exams_exercise_id_seq', 1, false);


--
-- Name: exams_expression_id_seq; Type: SEQUENCE SET; Schema: public; Owner: postgres
--

SELECT pg_catalog.setval('public.exams_expression_id_seq', 1, false);


--
-- Name: exams_glossaryterm_id_seq; Type: SEQUENCE SET; Schema: public; Owner: postgres
--

SELECT pg_catalog.setval('public.exams_glossaryterm_id_seq', 1, false);


--
-- Name: exams_homework_id_seq; Type: SEQUENCE SET; Schema: public; Owner: postgres
--

SELECT pg_catalog.setval('public.exams_homework_id_seq', 1, false);


--
-- Name: exams_material_id_seq; Type: SEQUENCE SET; Schema: public; Owner: postgres
--

SELECT pg_catalog.setval('public.exams_material_id_seq', 1, false);


--
-- Name: exams_option_id_seq; Type: SEQUENCE SET; Schema: public; Owner: postgres
--

SELECT pg_catalog.setval('public.exams_option_id_seq', 49850, true);


--
-- Name: exams_question_id_seq; Type: SEQUENCE SET; Schema: public; Owner: postgres
--

SELECT pg_catalog.setval('public.exams_question_id_seq', 17852, true);


--
-- Name: exams_studentprofile_id_seq; Type: SEQUENCE SET; Schema: public; Owner: postgres
--

SELECT pg_catalog.setval('public.exams_studentprofile_id_seq', 1, true);


--
-- Name: exams_submission_id_seq; Type: SEQUENCE SET; Schema: public; Owner: postgres
--

SELECT pg_catalog.setval('public.exams_submission_id_seq', 14, true);


--
-- Name: exams_test_id_seq; Type: SEQUENCE SET; Schema: public; Owner: postgres
--

SELECT pg_catalog.setval('public.exams_test_id_seq', 1844, true);


--
-- Name: exams_verbentry_id_seq; Type: SEQUENCE SET; Schema: public; Owner: postgres
--

SELECT pg_catalog.setval('public.exams_verbentry_id_seq', 2295, true);


--
-- Name: auth_group auth_group_name_key; Type: CONSTRAINT; Schema: public; Owner: postgres
--

ALTER TABLE ONLY public.auth_group
    ADD CONSTRAINT auth_group_name_key UNIQUE (name);


--
-- Name: auth_group_permissions auth_group_permissions_group_id_permission_id_0cd325b0_uniq; Type: CONSTRAINT; Schema: public; Owner: postgres
--

ALTER TABLE ONLY public.auth_group_permissions
    ADD CONSTRAINT auth_group_permissions_group_id_permission_id_0cd325b0_uniq UNIQUE (group_id, permission_id);


--
-- Name: auth_group_permissions auth_group_permissions_pkey; Type: CONSTRAINT; Schema: public; Owner: postgres
--

ALTER TABLE ONLY public.auth_group_permissions
    ADD CONSTRAINT auth_group_permissions_pkey PRIMARY KEY (id);


--
-- Name: auth_group auth_group_pkey; Type: CONSTRAINT; Schema: public; Owner: postgres
--

ALTER TABLE ONLY public.auth_group
    ADD CONSTRAINT auth_group_pkey PRIMARY KEY (id);


--
-- Name: auth_permission auth_permission_content_type_id_codename_01ab375a_uniq; Type: CONSTRAINT; Schema: public; Owner: postgres
--

ALTER TABLE ONLY public.auth_permission
    ADD CONSTRAINT auth_permission_content_type_id_codename_01ab375a_uniq UNIQUE (content_type_id, codename);


--
-- Name: auth_permission auth_permission_pkey; Type: CONSTRAINT; Schema: public; Owner: postgres
--

ALTER TABLE ONLY public.auth_permission
    ADD CONSTRAINT auth_permission_pkey PRIMARY KEY (id);


--
-- Name: auth_user_groups auth_user_groups_pkey; Type: CONSTRAINT; Schema: public; Owner: postgres
--

ALTER TABLE ONLY public.auth_user_groups
    ADD CONSTRAINT auth_user_groups_pkey PRIMARY KEY (id);


--
-- Name: auth_user_groups auth_user_groups_user_id_group_id_94350c0c_uniq; Type: CONSTRAINT; Schema: public; Owner: postgres
--

ALTER TABLE ONLY public.auth_user_groups
    ADD CONSTRAINT auth_user_groups_user_id_group_id_94350c0c_uniq UNIQUE (user_id, group_id);


--
-- Name: auth_user auth_user_pkey; Type: CONSTRAINT; Schema: public; Owner: postgres
--

ALTER TABLE ONLY public.auth_user
    ADD CONSTRAINT auth_user_pkey PRIMARY KEY (id);


--
-- Name: auth_user_user_permissions auth_user_user_permissions_pkey; Type: CONSTRAINT; Schema: public; Owner: postgres
--

ALTER TABLE ONLY public.auth_user_user_permissions
    ADD CONSTRAINT auth_user_user_permissions_pkey PRIMARY KEY (id);


--
-- Name: auth_user_user_permissions auth_user_user_permissions_user_id_permission_id_14a6b632_uniq; Type: CONSTRAINT; Schema: public; Owner: postgres
--

ALTER TABLE ONLY public.auth_user_user_permissions
    ADD CONSTRAINT auth_user_user_permissions_user_id_permission_id_14a6b632_uniq UNIQUE (user_id, permission_id);


--
-- Name: auth_user auth_user_username_key; Type: CONSTRAINT; Schema: public; Owner: postgres
--

ALTER TABLE ONLY public.auth_user
    ADD CONSTRAINT auth_user_username_key UNIQUE (username);


--
-- Name: django_admin_log django_admin_log_pkey; Type: CONSTRAINT; Schema: public; Owner: postgres
--

ALTER TABLE ONLY public.django_admin_log
    ADD CONSTRAINT django_admin_log_pkey PRIMARY KEY (id);


--
-- Name: django_content_type django_content_type_app_label_model_76bd3d3b_uniq; Type: CONSTRAINT; Schema: public; Owner: postgres
--

ALTER TABLE ONLY public.django_content_type
    ADD CONSTRAINT django_content_type_app_label_model_76bd3d3b_uniq UNIQUE (app_label, model);


--
-- Name: django_content_type django_content_type_pkey; Type: CONSTRAINT; Schema: public; Owner: postgres
--

ALTER TABLE ONLY public.django_content_type
    ADD CONSTRAINT django_content_type_pkey PRIMARY KEY (id);


--
-- Name: django_migrations django_migrations_pkey; Type: CONSTRAINT; Schema: public; Owner: postgres
--

ALTER TABLE ONLY public.django_migrations
    ADD CONSTRAINT django_migrations_pkey PRIMARY KEY (id);


--
-- Name: django_session django_session_pkey; Type: CONSTRAINT; Schema: public; Owner: postgres
--

ALTER TABLE ONLY public.django_session
    ADD CONSTRAINT django_session_pkey PRIMARY KEY (session_key);


--
-- Name: exams_answer exams_answer_pkey; Type: CONSTRAINT; Schema: public; Owner: postgres
--

ALTER TABLE ONLY public.exams_answer
    ADD CONSTRAINT exams_answer_pkey PRIMARY KEY (id);


--
-- Name: exams_answer exams_answer_submission_id_question_id_1c5e635d_uniq; Type: CONSTRAINT; Schema: public; Owner: postgres
--

ALTER TABLE ONLY public.exams_answer
    ADD CONSTRAINT exams_answer_submission_id_question_id_1c5e635d_uniq UNIQUE (submission_id, question_id);


--
-- Name: exams_assignment exams_assignment_pkey; Type: CONSTRAINT; Schema: public; Owner: postgres
--

ALTER TABLE ONLY public.exams_assignment
    ADD CONSTRAINT exams_assignment_pkey PRIMARY KEY (id);


--
-- Name: exams_assignment exams_assignment_test_id_student_email_a771c9e8_uniq; Type: CONSTRAINT; Schema: public; Owner: postgres
--

ALTER TABLE ONLY public.exams_assignment
    ADD CONSTRAINT exams_assignment_test_id_student_email_a771c9e8_uniq UNIQUE (test_id, student_email);


--
-- Name: exams_exercise exams_exercise_pkey; Type: CONSTRAINT; Schema: public; Owner: postgres
--

ALTER TABLE ONLY public.exams_exercise
    ADD CONSTRAINT exams_exercise_pkey PRIMARY KEY (id);


--
-- Name: exams_expression exams_expression_pkey; Type: CONSTRAINT; Schema: public; Owner: postgres
--

ALTER TABLE ONLY public.exams_expression
    ADD CONSTRAINT exams_expression_pkey PRIMARY KEY (id);


--
-- Name: exams_glossaryterm exams_glossaryterm_pkey; Type: CONSTRAINT; Schema: public; Owner: postgres
--

ALTER TABLE ONLY public.exams_glossaryterm
    ADD CONSTRAINT exams_glossaryterm_pkey PRIMARY KEY (id);


--
-- Name: exams_glossaryterm exams_glossaryterm_term_stream_level_03477856_uniq; Type: CONSTRAINT; Schema: public; Owner: postgres
--

ALTER TABLE ONLY public.exams_glossaryterm
    ADD CONSTRAINT exams_glossaryterm_term_stream_level_03477856_uniq UNIQUE (term, stream, level);


--
-- Name: exams_homework exams_homework_pkey; Type: CONSTRAINT; Schema: public; Owner: postgres
--

ALTER TABLE ONLY public.exams_homework
    ADD CONSTRAINT exams_homework_pkey PRIMARY KEY (id);


--
-- Name: exams_material exams_material_pkey; Type: CONSTRAINT; Schema: public; Owner: postgres
--

ALTER TABLE ONLY public.exams_material
    ADD CONSTRAINT exams_material_pkey PRIMARY KEY (id);


--
-- Name: exams_option exams_option_pkey; Type: CONSTRAINT; Schema: public; Owner: postgres
--

ALTER TABLE ONLY public.exams_option
    ADD CONSTRAINT exams_option_pkey PRIMARY KEY (id);


--
-- Name: exams_question exams_question_pkey; Type: CONSTRAINT; Schema: public; Owner: postgres
--

ALTER TABLE ONLY public.exams_question
    ADD CONSTRAINT exams_question_pkey PRIMARY KEY (id);


--
-- Name: exams_studentprofile exams_studentprofile_email_key; Type: CONSTRAINT; Schema: public; Owner: postgres
--

ALTER TABLE ONLY public.exams_studentprofile
    ADD CONSTRAINT exams_studentprofile_email_key UNIQUE (email);


--
-- Name: exams_studentprofile exams_studentprofile_pkey; Type: CONSTRAINT; Schema: public; Owner: postgres
--

ALTER TABLE ONLY public.exams_studentprofile
    ADD CONSTRAINT exams_studentprofile_pkey PRIMARY KEY (id);


--
-- Name: exams_studentprofile exams_studentprofile_user_id_key; Type: CONSTRAINT; Schema: public; Owner: postgres
--

ALTER TABLE ONLY public.exams_studentprofile
    ADD CONSTRAINT exams_studentprofile_user_id_key UNIQUE (user_id);


--
-- Name: exams_submission exams_submission_pkey; Type: CONSTRAINT; Schema: public; Owner: postgres
--

ALTER TABLE ONLY public.exams_submission
    ADD CONSTRAINT exams_submission_pkey PRIMARY KEY (id);


--
-- Name: exams_test exams_test_pkey; Type: CONSTRAINT; Schema: public; Owner: postgres
--

ALTER TABLE ONLY public.exams_test
    ADD CONSTRAINT exams_test_pkey PRIMARY KEY (id);


--
-- Name: exams_test exams_test_slug_key; Type: CONSTRAINT; Schema: public; Owner: postgres
--

ALTER TABLE ONLY public.exams_test
    ADD CONSTRAINT exams_test_slug_key UNIQUE (slug);


--
-- Name: exams_verbentry exams_verbentry_pkey; Type: CONSTRAINT; Schema: public; Owner: postgres
--

ALTER TABLE ONLY public.exams_verbentry
    ADD CONSTRAINT exams_verbentry_pkey PRIMARY KEY (id);


--
-- Name: auth_group_name_a6ea08ec_like; Type: INDEX; Schema: public; Owner: postgres
--

CREATE INDEX auth_group_name_a6ea08ec_like ON public.auth_group USING btree (name varchar_pattern_ops);


--
-- Name: auth_group_permissions_group_id_b120cbf9; Type: INDEX; Schema: public; Owner: postgres
--

CREATE INDEX auth_group_permissions_group_id_b120cbf9 ON public.auth_group_permissions USING btree (group_id);


--
-- Name: auth_group_permissions_permission_id_84c5c92e; Type: INDEX; Schema: public; Owner: postgres
--

CREATE INDEX auth_group_permissions_permission_id_84c5c92e ON public.auth_group_permissions USING btree (permission_id);


--
-- Name: auth_permission_content_type_id_2f476e4b; Type: INDEX; Schema: public; Owner: postgres
--

CREATE INDEX auth_permission_content_type_id_2f476e4b ON public.auth_permission USING btree (content_type_id);


--
-- Name: auth_user_groups_group_id_97559544; Type: INDEX; Schema: public; Owner: postgres
--

CREATE INDEX auth_user_groups_group_id_97559544 ON public.auth_user_groups USING btree (group_id);


--
-- Name: auth_user_groups_user_id_6a12ed8b; Type: INDEX; Schema: public; Owner: postgres
--

CREATE INDEX auth_user_groups_user_id_6a12ed8b ON public.auth_user_groups USING btree (user_id);


--
-- Name: auth_user_user_permissions_permission_id_1fbb5f2c; Type: INDEX; Schema: public; Owner: postgres
--

CREATE INDEX auth_user_user_permissions_permission_id_1fbb5f2c ON public.auth_user_user_permissions USING btree (permission_id);


--
-- Name: auth_user_user_permissions_user_id_a95ead1b; Type: INDEX; Schema: public; Owner: postgres
--

CREATE INDEX auth_user_user_permissions_user_id_a95ead1b ON public.auth_user_user_permissions USING btree (user_id);


--
-- Name: auth_user_username_6821ab7c_like; Type: INDEX; Schema: public; Owner: postgres
--

CREATE INDEX auth_user_username_6821ab7c_like ON public.auth_user USING btree (username varchar_pattern_ops);


--
-- Name: django_admin_log_content_type_id_c4bce8eb; Type: INDEX; Schema: public; Owner: postgres
--

CREATE INDEX django_admin_log_content_type_id_c4bce8eb ON public.django_admin_log USING btree (content_type_id);


--
-- Name: django_admin_log_user_id_c564eba6; Type: INDEX; Schema: public; Owner: postgres
--

CREATE INDEX django_admin_log_user_id_c564eba6 ON public.django_admin_log USING btree (user_id);


--
-- Name: django_session_expire_date_a5c62663; Type: INDEX; Schema: public; Owner: postgres
--

CREATE INDEX django_session_expire_date_a5c62663 ON public.django_session USING btree (expire_date);


--
-- Name: django_session_session_key_c0390e0f_like; Type: INDEX; Schema: public; Owner: postgres
--

CREATE INDEX django_session_session_key_c0390e0f_like ON public.django_session USING btree (session_key varchar_pattern_ops);


--
-- Name: exams_answer_question_id_7327e287; Type: INDEX; Schema: public; Owner: postgres
--

CREATE INDEX exams_answer_question_id_7327e287 ON public.exams_answer USING btree (question_id);


--
-- Name: exams_answer_selected_option_id_97e6c5f3; Type: INDEX; Schema: public; Owner: postgres
--

CREATE INDEX exams_answer_selected_option_id_97e6c5f3 ON public.exams_answer USING btree (selected_option_id);


--
-- Name: exams_answer_submission_id_d387424d; Type: INDEX; Schema: public; Owner: postgres
--

CREATE INDEX exams_answer_submission_id_d387424d ON public.exams_answer USING btree (submission_id);


--
-- Name: exams_assignment_assigned_by_id_6da14bb9; Type: INDEX; Schema: public; Owner: postgres
--

CREATE INDEX exams_assignment_assigned_by_id_6da14bb9 ON public.exams_assignment USING btree (assigned_by_id);


--
-- Name: exams_assignment_test_id_e9bcff63; Type: INDEX; Schema: public; Owner: postgres
--

CREATE INDEX exams_assignment_test_id_e9bcff63 ON public.exams_assignment USING btree (test_id);


--
-- Name: exams_homework_teacher_id_5329da23; Type: INDEX; Schema: public; Owner: postgres
--

CREATE INDEX exams_homework_teacher_id_5329da23 ON public.exams_homework USING btree (teacher_id);


--
-- Name: exams_option_question_id_4798e774; Type: INDEX; Schema: public; Owner: postgres
--

CREATE INDEX exams_option_question_id_4798e774 ON public.exams_option USING btree (question_id);


--
-- Name: exams_question_test_id_b643f657; Type: INDEX; Schema: public; Owner: postgres
--

CREATE INDEX exams_question_test_id_b643f657 ON public.exams_question USING btree (test_id);


--
-- Name: exams_studentprofile_email_72171511_like; Type: INDEX; Schema: public; Owner: postgres
--

CREATE INDEX exams_studentprofile_email_72171511_like ON public.exams_studentprofile USING btree (email varchar_pattern_ops);


--
-- Name: exams_studentprofile_teacher_id_c4348d2a; Type: INDEX; Schema: public; Owner: postgres
--

CREATE INDEX exams_studentprofile_teacher_id_c4348d2a ON public.exams_studentprofile USING btree (teacher_id);


--
-- Name: exams_submission_test_id_2390f685; Type: INDEX; Schema: public; Owner: postgres
--

CREATE INDEX exams_submission_test_id_2390f685 ON public.exams_submission USING btree (test_id);


--
-- Name: exams_test_slug_68b6a75d_like; Type: INDEX; Schema: public; Owner: postgres
--

CREATE INDEX exams_test_slug_68b6a75d_like ON public.exams_test USING btree (slug varchar_pattern_ops);


--
-- Name: auth_group_permissions auth_group_permissio_permission_id_84c5c92e_fk_auth_perm; Type: FK CONSTRAINT; Schema: public; Owner: postgres
--

ALTER TABLE ONLY public.auth_group_permissions
    ADD CONSTRAINT auth_group_permissio_permission_id_84c5c92e_fk_auth_perm FOREIGN KEY (permission_id) REFERENCES public.auth_permission(id) DEFERRABLE INITIALLY DEFERRED;


--
-- Name: auth_group_permissions auth_group_permissions_group_id_b120cbf9_fk_auth_group_id; Type: FK CONSTRAINT; Schema: public; Owner: postgres
--

ALTER TABLE ONLY public.auth_group_permissions
    ADD CONSTRAINT auth_group_permissions_group_id_b120cbf9_fk_auth_group_id FOREIGN KEY (group_id) REFERENCES public.auth_group(id) DEFERRABLE INITIALLY DEFERRED;


--
-- Name: auth_permission auth_permission_content_type_id_2f476e4b_fk_django_co; Type: FK CONSTRAINT; Schema: public; Owner: postgres
--

ALTER TABLE ONLY public.auth_permission
    ADD CONSTRAINT auth_permission_content_type_id_2f476e4b_fk_django_co FOREIGN KEY (content_type_id) REFERENCES public.django_content_type(id) DEFERRABLE INITIALLY DEFERRED;


--
-- Name: auth_user_groups auth_user_groups_group_id_97559544_fk_auth_group_id; Type: FK CONSTRAINT; Schema: public; Owner: postgres
--

ALTER TABLE ONLY public.auth_user_groups
    ADD CONSTRAINT auth_user_groups_group_id_97559544_fk_auth_group_id FOREIGN KEY (group_id) REFERENCES public.auth_group(id) DEFERRABLE INITIALLY DEFERRED;


--
-- Name: auth_user_groups auth_user_groups_user_id_6a12ed8b_fk_auth_user_id; Type: FK CONSTRAINT; Schema: public; Owner: postgres
--

ALTER TABLE ONLY public.auth_user_groups
    ADD CONSTRAINT auth_user_groups_user_id_6a12ed8b_fk_auth_user_id FOREIGN KEY (user_id) REFERENCES public.auth_user(id) DEFERRABLE INITIALLY DEFERRED;


--
-- Name: auth_user_user_permissions auth_user_user_permi_permission_id_1fbb5f2c_fk_auth_perm; Type: FK CONSTRAINT; Schema: public; Owner: postgres
--

ALTER TABLE ONLY public.auth_user_user_permissions
    ADD CONSTRAINT auth_user_user_permi_permission_id_1fbb5f2c_fk_auth_perm FOREIGN KEY (permission_id) REFERENCES public.auth_permission(id) DEFERRABLE INITIALLY DEFERRED;


--
-- Name: auth_user_user_permissions auth_user_user_permissions_user_id_a95ead1b_fk_auth_user_id; Type: FK CONSTRAINT; Schema: public; Owner: postgres
--

ALTER TABLE ONLY public.auth_user_user_permissions
    ADD CONSTRAINT auth_user_user_permissions_user_id_a95ead1b_fk_auth_user_id FOREIGN KEY (user_id) REFERENCES public.auth_user(id) DEFERRABLE INITIALLY DEFERRED;


--
-- Name: django_admin_log django_admin_log_content_type_id_c4bce8eb_fk_django_co; Type: FK CONSTRAINT; Schema: public; Owner: postgres
--

ALTER TABLE ONLY public.django_admin_log
    ADD CONSTRAINT django_admin_log_content_type_id_c4bce8eb_fk_django_co FOREIGN KEY (content_type_id) REFERENCES public.django_content_type(id) DEFERRABLE INITIALLY DEFERRED;


--
-- Name: django_admin_log django_admin_log_user_id_c564eba6_fk_auth_user_id; Type: FK CONSTRAINT; Schema: public; Owner: postgres
--

ALTER TABLE ONLY public.django_admin_log
    ADD CONSTRAINT django_admin_log_user_id_c564eba6_fk_auth_user_id FOREIGN KEY (user_id) REFERENCES public.auth_user(id) DEFERRABLE INITIALLY DEFERRED;


--
-- Name: exams_answer exams_answer_question_id_7327e287_fk_exams_question_id; Type: FK CONSTRAINT; Schema: public; Owner: postgres
--

ALTER TABLE ONLY public.exams_answer
    ADD CONSTRAINT exams_answer_question_id_7327e287_fk_exams_question_id FOREIGN KEY (question_id) REFERENCES public.exams_question(id) DEFERRABLE INITIALLY DEFERRED;


--
-- Name: exams_answer exams_answer_selected_option_id_97e6c5f3_fk_exams_option_id; Type: FK CONSTRAINT; Schema: public; Owner: postgres
--

ALTER TABLE ONLY public.exams_answer
    ADD CONSTRAINT exams_answer_selected_option_id_97e6c5f3_fk_exams_option_id FOREIGN KEY (selected_option_id) REFERENCES public.exams_option(id) DEFERRABLE INITIALLY DEFERRED;


--
-- Name: exams_answer exams_answer_submission_id_d387424d_fk_exams_submission_id; Type: FK CONSTRAINT; Schema: public; Owner: postgres
--

ALTER TABLE ONLY public.exams_answer
    ADD CONSTRAINT exams_answer_submission_id_d387424d_fk_exams_submission_id FOREIGN KEY (submission_id) REFERENCES public.exams_submission(id) DEFERRABLE INITIALLY DEFERRED;


--
-- Name: exams_assignment exams_assignment_assigned_by_id_6da14bb9_fk_auth_user_id; Type: FK CONSTRAINT; Schema: public; Owner: postgres
--

ALTER TABLE ONLY public.exams_assignment
    ADD CONSTRAINT exams_assignment_assigned_by_id_6da14bb9_fk_auth_user_id FOREIGN KEY (assigned_by_id) REFERENCES public.auth_user(id) DEFERRABLE INITIALLY DEFERRED;


--
-- Name: exams_assignment exams_assignment_test_id_e9bcff63_fk_exams_test_id; Type: FK CONSTRAINT; Schema: public; Owner: postgres
--

ALTER TABLE ONLY public.exams_assignment
    ADD CONSTRAINT exams_assignment_test_id_e9bcff63_fk_exams_test_id FOREIGN KEY (test_id) REFERENCES public.exams_test(id) DEFERRABLE INITIALLY DEFERRED;


--
-- Name: exams_homework exams_homework_teacher_id_5329da23_fk_auth_user_id; Type: FK CONSTRAINT; Schema: public; Owner: postgres
--

ALTER TABLE ONLY public.exams_homework
    ADD CONSTRAINT exams_homework_teacher_id_5329da23_fk_auth_user_id FOREIGN KEY (teacher_id) REFERENCES public.auth_user(id) DEFERRABLE INITIALLY DEFERRED;


--
-- Name: exams_option exams_option_question_id_4798e774_fk_exams_question_id; Type: FK CONSTRAINT; Schema: public; Owner: postgres
--

ALTER TABLE ONLY public.exams_option
    ADD CONSTRAINT exams_option_question_id_4798e774_fk_exams_question_id FOREIGN KEY (question_id) REFERENCES public.exams_question(id) DEFERRABLE INITIALLY DEFERRED;


--
-- Name: exams_question exams_question_test_id_b643f657_fk_exams_test_id; Type: FK CONSTRAINT; Schema: public; Owner: postgres
--

ALTER TABLE ONLY public.exams_question
    ADD CONSTRAINT exams_question_test_id_b643f657_fk_exams_test_id FOREIGN KEY (test_id) REFERENCES public.exams_test(id) DEFERRABLE INITIALLY DEFERRED;


--
-- Name: exams_studentprofile exams_studentprofile_teacher_id_c4348d2a_fk_auth_user_id; Type: FK CONSTRAINT; Schema: public; Owner: postgres
--

ALTER TABLE ONLY public.exams_studentprofile
    ADD CONSTRAINT exams_studentprofile_teacher_id_c4348d2a_fk_auth_user_id FOREIGN KEY (teacher_id) REFERENCES public.auth_user(id) DEFERRABLE INITIALLY DEFERRED;


--
-- Name: exams_studentprofile exams_studentprofile_user_id_eaf89d17_fk_auth_user_id; Type: FK CONSTRAINT; Schema: public; Owner: postgres
--

ALTER TABLE ONLY public.exams_studentprofile
    ADD CONSTRAINT exams_studentprofile_user_id_eaf89d17_fk_auth_user_id FOREIGN KEY (user_id) REFERENCES public.auth_user(id) DEFERRABLE INITIALLY DEFERRED;


--
-- Name: exams_submission exams_submission_test_id_2390f685_fk_exams_test_id; Type: FK CONSTRAINT; Schema: public; Owner: postgres
--

ALTER TABLE ONLY public.exams_submission
    ADD CONSTRAINT exams_submission_test_id_2390f685_fk_exams_test_id FOREIGN KEY (test_id) REFERENCES public.exams_test(id) DEFERRABLE INITIALLY DEFERRED;


--
-- PostgreSQL database dump complete
--

\unrestrict mDOsecmfYsAumqKDl9ULlYPq0wNIB72yl5yZmZn69dW7eUewA5YOahkgetvgHXz

